Kingdom,Phylum,Class,Order,Family,Genus,Species,OTU
k__Bacteria,p__Actinobacteriota,c__Actinobacteria,o__Micrococcales,f__Intrasporangiaceae,g__Tetrasphaera,s__midas_s_5,ASV1
k__Bacteria,p__Actinobacteriota,c__Acidimicrobiia,o__Microtrichales,f__Microtrichaceae,g__Ca_Microthrix,s__Ca_Microthrix_parvicella,ASV2
k__Bacteria,p__Chloroflexi,c__Anaerolineae,o__C10-SB1A,f__Amarolineaceae,g__Ca_Amarolinea,s__midas_s_1,ASV3
k__Bacteria,p__Firmicutes,c__Bacilli,o__Lactobacillales,f__Carnobacteriaceae,g__Trichococcus,s__midas_s_4,ASV4
k__Bacteria,p__Actinobacteriota,c__Acidimicrobiia,o__Microtrichales,f__Microtrichaceae,g__Ca_Microthrix,s__Ca_Microthrix_subdominans,ASV5
k__Bacteria,p__Proteobacteria,c__Alphaproteobacteria,o__Rhodobacterales,f__Rhodobacteraceae,g__Rhodobacter,"",ASV6
k__Bacteria,p__Bacteroidota,c__Bacteroidia,o__Chitinophagales,f__Saprospiraceae,g__midas_g_17,"",ASV8
k__Bacteria,p__Proteobacteria,c__Gammaproteobacteria,o__Burkholderiales,f__Rhodocyclaceae,g__Dechloromonas,s__Ca_Dechloromonas_phosphoritropha,ASV9
k__Bacteria,p__Actinobacteriota,c__Actinobacteria,o__Micrococcales,f__Intrasporangiaceae,g__midas_g_99,s__midas_s_99,ASV10
k__Bacteria,p__Bacteroidota,c__Bacteroidia,o__Chitinophagales,f__Saprospiraceae,g__OLB8,s__midas_s_29,ASV11
k__Bacteria,p__Actinobacteriota,c__Actinobacteria,o__Micrococcales,f__Intrasporangiaceae,g__Tetrasphaera,s__midas_s_5,ASV12
k__Bacteria,p__Firmicutes,c__Bacilli,o__Lactobacillales,f__Carnobacteriaceae,g__Trichococcus,s__midas_s_4,ASV13
k__Bacteria,p__Actinobacteriota,c__Actinobacteria,o__Micrococcales,f__Intrasporangiaceae,g__Tetrasphaera,s__midas_s_45,ASV15
k__Bacteria,p__Proteobacteria,c__Gammaproteobacteria,o__Burkholderiales,f__Comamonadaceae,g__Rhodoferax,s__midas_s_33,ASV16
k__Bacteria,p__Proteobacteria,c__Gammaproteobacteria,o__Burkholderiales,f__Comamonadaceae,g__Acidovorax,"",ASV17
k__Bacteria,p__Chloroflexi,c__Anaerolineae,o__Anaerolineales,f__Anaerolineaceae,g__Ca_Villigracilis,"",ASV18
k__Bacteria,p__Proteobacteria,c__Alphaproteobacteria,o__Rhodobacterales,f__Rhodobacteraceae,g__Rhodobacter,s__midas_s_24,ASV19
k__Bacteria,p__Proteobacteria,c__Gammaproteobacteria,o__Burkholderiales,f__Comamonadaceae,g__Acidovorax,s__midas_s_1484,ASV20
k__Bacteria,p__Proteobacteria,c__Gammaproteobacteria,o__Burkholderiales,f__Rhodocyclaceae,"","",ASV21
k__Bacteria,p__Proteobacteria,c__Alphaproteobacteria,o__Rhizobiales,f__Xanthobacteraceae,g__Bradyrhizobium,"",ASV22
k__Bacteria,p__Nitrospirota,c__Nitrospiria,o__Nitrospirales,f__Nitrospiraceae,g__Nitrospira,s__Nitrospira_defluvii,ASV24
k__Bacteria,p__Proteobacteria,c__Alphaproteobacteria,o__Rhodobacterales,f__Rhodobacteraceae,g__Rhodobacter,"",ASV26
k__Bacteria,p__Actinobacteriota,c__Acidimicrobiia,o__Microtrichales,f__Microtrichaceae,g__Ca_Microthrix,s__Ca_Microthrix_subdominans,ASV27
k__Bacteria,p__Proteobacteria,c__Gammaproteobacteria,o__Burkholderiales,f__Comamonadaceae,"","",ASV28
k__Bacteria,p__Proteobacteria,c__Alphaproteobacteria,o__Rhodobacterales,f__Rhodobacteraceae,g__Rhodobacter,s__midas_s_63,ASV29
k__Bacteria,p__Proteobacteria,c__Alphaproteobacteria,o__Rhizobiales,f__Hyphomicrobiaceae,g__Hyphomicrobium,s__midas_s_121,ASV30
k__Bacteria,p__Actinobacteriota,c__Actinobacteria,o__midas_o_5,f__midas_f_5,g__midas_g_100,s__midas_s_151,ASV31
k__Bacteria,p__Proteobacteria,c__Gammaproteobacteria,o__Run-SP154,f__midas_f_27,g__midas_g_70,"",ASV32
k__Bacteria,p__Chloroflexi,c__Anaerolineae,o__C10-SB1A,f__Amarolineaceae,g__Ca_Sarcinithrix,s__midas_s_425,ASV33
k__Bacteria,p__Proteobacteria,c__Gammaproteobacteria,o__Burkholderiales,f__Rhodocyclaceae,g__Dechloromonas,s__Ca_Dechloromonas_phosphorivorans,ASV34
k__Bacteria,p__Bacteroidota,c__Ignavibacteria,o__SJA-28,f__midas_f_31,g__midas_g_31,s__midas_s_31,ASV35
k__Bacteria,p__Proteobacteria,c__Alphaproteobacteria,o__Rhizobiales,f__Rhizobiaceae,g__midas_g_153,"",ASV36
k__Bacteria,p__Proteobacteria,c__Alphaproteobacteria,o__Rhodobacterales,f__Rhodobacteraceae,g__midas_g_57,s__midas_s_57,ASV38
k__Bacteria,p__Bacteroidota,c__Bacteroidia,o__Bacteroidales,f__Prolixibacteraceae,g__midas_g_12,s__midas_s_12,ASV39
k__Bacteria,p__Actinobacteriota,c__Actinobacteria,o__midas_o_5,f__midas_f_5,g__midas_g_100,s__midas_s_100,ASV40
k__Bacteria,p__Actinobacteriota,c__Acidimicrobiia,o__Microtrichales,f__Ilumatobacteraceae,g__CL500-29_marine_group,s__midas_s_21,ASV41
k__Bacteria,p__Proteobacteria,c__Gammaproteobacteria,o__Burkholderiales,f__Rhodocyclaceae,g__Dechloromonas,s__Ca_Dechloromonas_phosphoritropha,ASV42
k__Bacteria,p__Bacteroidota,c__Bacteroidia,o__Chitinophagales,f__Chitinophagaceae,g__Ferruginibacter,s__midas_s_11,ASV43
k__Bacteria,p__Bacteroidota,c__Bacteroidia,o__Chitinophagales,f__Saprospiraceae,g__midas_g_20,s__midas_s_20,ASV45
k__Bacteria,p__Firmicutes,c__Clostridia,o__Peptostreptococcales-Tissierellales,f__Peptostreptococcaceae,g__Romboutsia,"",ASV47
k__Bacteria,p__Bacteroidota,c__Bacteroidia,o__Bacteroidales,f__Bacteroidetes_vadinHA17,g__midas_g_19,"",ASV49
k__Bacteria,p__Actinobacteriota,c__Actinobacteria,o__Micrococcales,f__Intrasporangiaceae,g__Tetrasphaera,s__midas_s_299,ASV51
k__Bacteria,p__Proteobacteria,c__Alphaproteobacteria,o__Sphingomonadales,f__Sphingomonadaceae,g__midas_g_59,"",ASV52
k__Bacteria,p__Chloroflexi,c__Anaerolineae,o__SBR1031,f__midas_f_119,g__midas_g_119,s__midas_s_119,ASV53
k__Bacteria,p__Proteobacteria,c__Alphaproteobacteria,o__Sphingomonadales,f__Sphingomonadaceae,g__Sphingorhabdus,s__midas_s_102,ASV54
k__Bacteria,p__Actinobacteriota,c__Actinobacteria,o__Micrococcales,f__Intrasporangiaceae,g__Tetrasphaera,s__midas_s_5,ASV55
k__Bacteria,p__Chloroflexi,c__Anaerolineae,o__Ardenticatenales,f__Ca_Promineofilaceae,g__Ca_Promineofilum,"",ASV57
k__Bacteria,p__Synergistota,c__Synergistia,o__Synergistales,f__Synergistaceae,g__Thermovirga,s__midas_s_988,ASV58
k__Bacteria,p__Chloroflexi,c__Anaerolineae,o__Ardenticatenales,f__Ca_Promineofilaceae,g__Ca_Promineofilum,"",ASV59
k__Bacteria,p__Proteobacteria,c__Alphaproteobacteria,o__Rhodobacterales,f__Rhodobacteraceae,g__midas_g_57,"",ASV60
k__Bacteria,p__Actinobacteriota,c__Acidimicrobiia,o__Microtrichales,f__Microtrichaceae,g__Ca_Microthrix,s__Ca_Microthrix_subdominans,ASV62
k__Bacteria,p__Proteobacteria,c__Gammaproteobacteria,o__Burkholderiales,f__Comamonadaceae,"","",ASV63
k__Bacteria,p__Proteobacteria,c__Alphaproteobacteria,o__Rhizobiales,f__Rhizobiaceae,"","",ASV65
k__Bacteria,p__Proteobacteria,c__Alphaproteobacteria,o__Rhodobacterales,f__Rhodobacteraceae,g__midas_g_75,s__midas_s_75,ASV67
k__Bacteria,p__Bacteroidota,c__Bacteroidia,o__Chitinophagales,f__Saprospiraceae,g__midas_g_6,s__midas_s_6,ASV69
k__Bacteria,p__Actinobacteriota,c__Actinobacteria,o__Micrococcales,f__Intrasporangiaceae,g__Tetrasphaera,"",ASV70
k__Bacteria,p__Proteobacteria,c__Gammaproteobacteria,o__Xanthomonadales,f__Rhodanobacteraceae,g__Ahniella,s__midas_s_116,ASV72
k__Bacteria,p__Patescibacteria,c__Saccharimonadia,o__Saccharimonadales,f__midas_f_67,g__midas_g_67,s__midas_s_67,ASV74
k__Bacteria,p__Patescibacteria,c__Saccharimonadia,o__Saccharimonadales,f__midas_f_7404,g__midas_g_8524,s__midas_s_8524,ASV76
k__Bacteria,p__Actinobacteriota,c__Actinobacteria,o__midas_o_5,f__midas_f_5,g__midas_g_399,s__midas_s_399,ASV78
k__Bacteria,p__Proteobacteria,c__Alphaproteobacteria,o__Sphingomonadales,f__Sphingomonadaceae,g__midas_g_59,"",ASV79
k__Bacteria,p__Fermentibacterota,c__Fermentibacteria,o__Fermentibacterales,f__Fermentibacteraceae,g__Ca_Fermentibacter,s__Ca_Fermentibacter_daniensis,ASV80
k__Bacteria,p__Proteobacteria,c__Gammaproteobacteria,o__Burkholderiales,f__Comamonadaceae,"","",ASV81
k__Bacteria,p__Proteobacteria,c__Gammaproteobacteria,o__Competibacterales,f__Competibacteraceae,g__Ca_Competibacter,s__midas_s_761,ASV83
k__Bacteria,p__Bacteroidota,c__Bacteroidia,o__Chitinophagales,f__Saprospiraceae,g__midas_g_65,s__midas_s_177,ASV84
k__Bacteria,p__Proteobacteria,c__Gammaproteobacteria,o__Burkholderiales,f__Rhodocyclaceae,g__Dechloromonas,"",ASV85
k__Bacteria,p__Actinobacteriota,c__Actinobacteria,o__Kineosporiales,f__Kineosporiaceae,g__midas_g_327,s__midas_s_327,ASV87
k__Bacteria,p__Proteobacteria,c__Gammaproteobacteria,o__Burkholderiales,f__Comamonadaceae,g__midas_g_33,"",ASV88
k__Bacteria,p__Proteobacteria,c__Gammaproteobacteria,o__Competibacterales,f__Competibacteraceae,g__Ca_Competibacter,s__midas_s_198,ASV89
k__Bacteria,p__Actinobacteriota,c__Actinobacteria,o__Micrococcales,f__Microbacteriaceae,g__Leucobacter,s__midas_s_128,ASV90
k__Bacteria,p__Actinobacteriota,c__Actinobacteria,o__Micrococcales,f__Intrasporangiaceae,g__Tetrasphaera,s__midas_s_45,ASV91
k__Bacteria,p__Proteobacteria,c__Gammaproteobacteria,o__Steroidobacterales,f__Steroidobacteraceae,g__midas_g_98,s__midas_s_98,ASV92
k__Bacteria,p__Proteobacteria,c__Gammaproteobacteria,o__Burkholderiales,f__Comamonadaceae,g__Leptothrix,"",ASV96
k__Bacteria,p__Actinobacteriota,c__Actinobacteria,o__Corynebacteriales,f__Dietziaceae,g__Dietzia,"",ASV97
k__Bacteria,p__Firmicutes,c__Clostridia,o__Clostridiales,f__Clostridiaceae,g__Clostridium_sensu_stricto_1,s__midas_s_101,ASV98
k__Bacteria,p__Bacteroidota,c__Bacteroidia,o__Sphingobacteriales,f__AKYH767,g__midas_g_300,"",ASV99
k__Bacteria,p__Bacteroidota,c__Bacteroidia,o__Chitinophagales,f__Saprospiraceae,g__midas_g_56,s__midas_s_56,ASV100
k__Bacteria,p__Proteobacteria,c__Gammaproteobacteria,o__Burkholderiales,f__Comamonadaceae,"","",ASV103
k__Bacteria,p__Chloroflexi,c__Anaerolineae,o__1-20,f__midas_f_105,g__midas_g_550,s__midas_s_550,ASV104
k__Bacteria,p__Bacteroidota,c__Bacteroidia,o__Chitinophagales,f__Chitinophagaceae,g__Terrimonas,s__midas_s_32,ASV105
k__Bacteria,p__Proteobacteria,c__Alphaproteobacteria,o__Rhizobiales,f__Hyphomicrobiaceae,g__Hyphomicrobium,s__midas_s_261,ASV106
k__Bacteria,p__Acidobacteriota,c__Blastocatellia,o__Blastocatellales,f__Blastocatellaceae,g__JGI_0001001-H03,s__midas_s_170,ASV108
k__Bacteria,p__Proteobacteria,c__Gammaproteobacteria,o__Burkholderiales,f__Burkholderiaceae,g__Lautropia,s__midas_s_135,ASV110
k__Bacteria,p__Proteobacteria,c__Gammaproteobacteria,o__Burkholderiales,f__Rhodocyclaceae,g__Uliginosibacterium,s__midas_s_53,ASV111
k__Bacteria,p__Proteobacteria,c__Gammaproteobacteria,o__Xanthomonadales,f__Xanthomonadaceae,g__Thermomonas,"",ASV112
k__Bacteria,p__Firmicutes,c__Bacilli,o__Lactobacillales,f__Carnobacteriaceae,g__Trichococcus,s__midas_s_4,ASV113
k__Bacteria,p__Actinobacteriota,c__Actinobacteria,o__Micrococcales,f__Intrasporangiaceae,g__Tetrasphaera,s__midas_s_328,ASV114
k__Bacteria,p__Bacteroidota,c__Bacteroidia,o__Chitinophagales,f__Chitinophagaceae,g__Terrimonas,"",ASV115
k__Bacteria,p__Actinobacteriota,c__Actinobacteria,o__midas_o_5,f__midas_f_5,g__midas_g_399,s__midas_s_578,ASV116
k__Bacteria,p__Firmicutes,c__Bacilli,o__Lactobacillales,f__Carnobacteriaceae,g__Trichococcus,s__midas_s_4,ASV118
k__Bacteria,p__Firmicutes,c__Bacilli,o__Erysipelotrichales,f__Erysipelotrichaceae,g__Turicibacter,s__Turicibacter_sanguinis,ASV119
k__Bacteria,p__Proteobacteria,c__Gammaproteobacteria,o__Xanthomonadales,f__Rhodanobacteraceae,g__Dokdonella,"",ASV120
k__Bacteria,p__Proteobacteria,c__Alphaproteobacteria,o__Sphingomonadales,f__Sphingomonadaceae,g__Sphingopyxis,s__Sphingopyxis_bauzanensis,ASV121
k__Bacteria,p__Proteobacteria,c__Alphaproteobacteria,o__Sphingomonadales,f__Sphingomonadaceae,g__Novosphingobium,s__midas_s_244,ASV122
k__Bacteria,p__Actinobacteriota,c__Actinobacteria,o__midas_o_5,f__midas_f_5,g__midas_g_100,s__midas_s_491,ASV123
k__Bacteria,p__Actinobacteriota,c__Actinobacteria,o__Propionibacteriales,f__Propionibacteriaceae,g__Tessaracoccus,s__midas_s_1151,ASV126
k__Bacteria,p__Patescibacteria,c__Saccharimonadia,o__Saccharimonadales,f__Saccharimonadaceae,g__Ca_Saccharimonas,s__Ca_Saccharimonas_aalborgensis,ASV127
k__Bacteria,p__Proteobacteria,c__Gammaproteobacteria,o__Burkholderiales,f__Rhodocyclaceae,"","",ASV129
k__Bacteria,p__Proteobacteria,c__Alphaproteobacteria,o__Rhodobacterales,f__Rhodobacteraceae,g__midas_g_155,s__midas_s_278,ASV130
k__Bacteria,p__Proteobacteria,c__Gammaproteobacteria,o__Burkholderiales,f__Rhodocyclaceae,g__Ca_Accumulibacter,s__midas_s_315,ASV133
k__Bacteria,p__Firmicutes,c__Clostridia,o__Clostridiales,f__Clostridiaceae,g__Clostridium_sensu_stricto_1,s__midas_s_64,ASV134
k__Bacteria,p__Proteobacteria,c__Gammaproteobacteria,o__Burkholderiales,f__Nitrosomonadaceae,g__Nitrosomonas,s__midas_s_139,ASV135
k__Bacteria,p__Bacteroidota,c__Ignavibacteria,o__SJA-28,f__midas_f_31,g__midas_g_31,s__midas_s_137,ASV136
k__Bacteria,p__Chloroflexi,c__Anaerolineae,o__Caldilineales,f__Caldilineaceae,g__midas_g_169,s__midas_s_243,ASV137
k__Bacteria,p__Bacteroidota,c__Ignavibacteria,o__SJA-28,f__midas_f_31,g__midas_g_31,s__midas_s_398,ASV138
k__Bacteria,p__Bacteroidota,c__Ignavibacteria,o__Ignavibacteriales,f__PHOS-HE36,g__midas_g_179,s__midas_s_179,ASV139
k__Bacteria,p__Proteobacteria,c__Alphaproteobacteria,o__Rhodobacterales,f__Rhodobacteraceae,g__Defluviimonas,"",ASV140
k__Bacteria,p__Actinobacteriota,c__Actinobacteria,o__Propionibacteriales,f__Propionibacteriaceae,g__Propionicimonas,s__midas_s_49,ASV141
k__Bacteria,p__Bacteroidota,c__Ignavibacteria,o__Ignavibacteriales,f__PHOS-HE36,g__midas_g_179,s__midas_s_179,ASV142
k__Bacteria,p__Bacteroidota,c__Bacteroidia,o__Chitinophagales,f__Saprospiraceae,g__midas_g_20,s__midas_s_68,ASV144
k__Bacteria,p__Firmicutes,c__Clostridia,o__Oscillospirales,f__Ruminococcaceae,g__Subdoligranulum,s__midas_s_348,ASV145
k__Bacteria,p__Proteobacteria,c__Gammaproteobacteria,o__Run-SP154,f__midas_f_27,g__midas_g_70,"",ASV146
k__Bacteria,p__Proteobacteria,c__Alphaproteobacteria,o__Rhodobacterales,f__Rhodobacteraceae,g__Paracoccus,"",ASV147
k__Bacteria,p__Bacteroidota,c__Bacteroidia,o__Chitinophagales,f__Saprospiraceae,g__Ca_Epiflobacter,s__midas_s_23,ASV149
k__Bacteria,p__Proteobacteria,c__Gammaproteobacteria,o__Burkholderiales,f__Comamonadaceae,g__Leptothrix,"",ASV150
k__Bacteria,p__Patescibacteria,c__Saccharimonadia,o__Saccharimonadales,f__midas_f_4774,g__midas_g_4774,s__midas_s_4774,ASV151
k__Bacteria,p__Proteobacteria,c__Gammaproteobacteria,o__Run-SP154,f__midas_f_27,g__midas_g_70,"",ASV153
k__Bacteria,p__Proteobacteria,c__Gammaproteobacteria,o__Burkholderiales,f__Rhodocyclaceae,g__Ca_Accumulibacter,"",ASV154
k__Bacteria,p__Proteobacteria,c__Gammaproteobacteria,o__Burkholderiales,f__Comamonadaceae,g__midas_g_33,"",ASV155
k__Bacteria,p__Firmicutes,c__Clostridia,o__Clostridiales,f__Clostridiaceae,g__Proteiniclasticum,s__midas_s_140,ASV156
k__Bacteria,p__Chloroflexi,c__Anaerolineae,o__Caldilineales,f__Caldilineaceae,g__midas_g_105,s__midas_s_105,ASV157
k__Bacteria,p__Proteobacteria,c__Alphaproteobacteria,o__Rhizobiales,f__Xanthobacteraceae,g__Rhodoplanes,s__midas_s_187,ASV159
k__Bacteria,p__Proteobacteria,c__Gammaproteobacteria,o__Burkholderiales,f__Comamonadaceae,g__Rhodoferax,s__midas_s_33,ASV160
k__Bacteria,p__Actinobacteriota,c__Thermoleophilia,o__Gaiellales,f__midas_f_269,g__midas_g_473,s__midas_s_473,ASV161
k__Bacteria,p__Firmicutes,c__Bacilli,o__Lactobacillales,f__Carnobacteriaceae,g__Trichococcus,s__midas_s_4,ASV162
k__Bacteria,p__Proteobacteria,c__Gammaproteobacteria,o__Competibacterales,f__Competibacteraceae,g__Ca_Competibacter,s__midas_s_601,ASV165
k__Bacteria,p__Proteobacteria,c__Alphaproteobacteria,o__Rhizobiales,f__Beijerinckiaceae,g__Methylorosula,s__midas_s_163,ASV166
k__Bacteria,p__Proteobacteria,c__Gammaproteobacteria,o__Burkholderiales,f__Rhodocyclaceae,g__Thauera,s__Thauera_terpenica,ASV167
k__Bacteria,p__Chloroflexi,c__Anaerolineae,o__RBG-13-54-9,f__midas_f_72,g__midas_g_72,s__midas_s_72,ASV168
k__Bacteria,p__Proteobacteria,c__Alphaproteobacteria,o__Rhizobiales,f__Beijerinckiaceae,g__midas_g_534,"",ASV169
k__Bacteria,p__Bacteroidota,c__Bacteroidia,o__Cytophagales,f__Spirosomaceae,g__Lacihabitans,s__midas_s_85,ASV171
k__Bacteria,p__Proteobacteria,c__Alphaproteobacteria,o__Rhizobiales,f__Hyphomicrobiaceae,g__Hyphomicrobium,"",ASV174
k__Bacteria,p__Actinobacteriota,c__Acidimicrobiia,o__Microtrichales,f__Microtrichaceae,g__midas_g_120,s__midas_s_120,ASV175
k__Bacteria,p__Actinobacteriota,c__Actinobacteria,o__Propionibacteriales,f__Nocardioidaceae,g__Marmoricola,s__midas_s_143,ASV176
k__Bacteria,p__Actinobacteriota,c__Actinobacteria,o__Propionibacteriales,f__Propionibacteriaceae,g__midas_g_497,s__midas_s_497,ASV177
k__Bacteria,p__Bacteroidota,c__Bacteroidia,o__Flavobacteriales,f__NS9_marine_group,g__midas_g_385,s__midas_s_385,ASV178
k__Bacteria,p__Proteobacteria,c__Gammaproteobacteria,o__Burkholderiales,f__Comamonadaceae,g__Acidovorax,"",ASV179
k__Bacteria,p__Bacteroidota,c__Bacteroidia,o__Bacteroidales,f__Rikenellaceae,g__DMER64,s__midas_s_82,ASV181
k__Bacteria,p__Proteobacteria,c__Gammaproteobacteria,o__Competibacterales,f__Competibacteraceae,g__Ca_Competibacter,s__Ca_Competibacter_denitrificans,ASV182
k__Bacteria,p__Proteobacteria,c__Gammaproteobacteria,o__Burkholderiales,f__SC-I-84,g__midas_g_1341,s__midas_s_3347,ASV183
k__Bacteria,p__Bacteroidota,c__Bacteroidia,o__Chitinophagales,f__Chitinophagaceae,g__Terrimonas,s__midas_s_390,ASV184
k__Bacteria,p__Chloroflexi,c__Anaerolineae,o__Caldilineales,f__Caldilineaceae,g__midas_g_1400,s__midas_s_1400,ASV185
k__Bacteria,p__Acidobacteriota,c__Blastocatellia,o__DS-100,f__midas_f_502,g__midas_g_502,s__midas_s_502,ASV188
k__Bacteria,p__Proteobacteria,c__Alphaproteobacteria,o__Rhodobacterales,f__Rhodobacteraceae,g__Tabrizicola,s__Tabrizicola_aquatica,ASV189
k__Bacteria,p__Bacteroidota,c__Bacteroidia,o__Bacteroidales,f__Rikenellaceae,g__DMER64,s__midas_s_35,ASV190
k__Bacteria,p__Chloroflexi,c__Anaerolineae,o__Ardenticatenales,f__Ca_Promineofilaceae,g__midas_g_461,s__midas_s_461,ASV191
k__Bacteria,p__Proteobacteria,c__Gammaproteobacteria,o__Xanthomonadales,f__Rhodanobacteraceae,g__midas_g_2835,s__midas_s_2835,ASV194
k__Bacteria,p__Chloroflexi,c__Chloroflexia,o__Thermomicrobiales,f__AKYG1722,g__midas_g_882,s__midas_s_882,ASV195
k__Bacteria,p__Proteobacteria,c__Gammaproteobacteria,o__Burkholderiales,f__Nitrosomonadaceae,g__Ellin6067,s__midas_s_323,ASV197
k__Bacteria,p__Chloroflexi,c__OLB14,o__midas_o_731,f__midas_f_731,g__midas_g_731,s__midas_s_849,ASV198
k__Bacteria,p__Bacteroidota,c__Bacteroidia,o__Chitinophagales,f__Saprospiraceae,g__Ca_Epiflobacter,s__midas_s_89,ASV199
k__Bacteria,p__Bacteroidota,c__Bacteroidia,o__Chitinophagales,f__Chitinophagaceae,g__Ferruginibacter,"",ASV200
k__Bacteria,p__Proteobacteria,c__Gammaproteobacteria,o__Burkholderiales,f__Rhodocyclaceae,g__Ca_Accumulibacter,"",ASV201
k__Bacteria,p__Bacteroidota,c__Bacteroidia,o__Flavobacteriales,f__NS9_marine_group,g__midas_g_385,s__midas_s_499,ASV204
k__Bacteria,p__Actinobacteriota,c__Actinobacteria,o__Propionibacteriales,f__Propionibacteriaceae,g__Tessaracoccus,s__midas_s_307,ASV206
k__Bacteria,p__Bacteroidota,c__Bacteroidia,o__Chitinophagales,f__Saprospiraceae,g__midas_g_111,s__midas_s_111,ASV207
k__Bacteria,p__Chloroflexi,c__Anaerolineae,o__RBG-13-54-9,f__midas_f_72,g__midas_g_72,s__midas_s_72,ASV208
k__Bacteria,p__Bacteroidota,c__Ignavibacteria,o__SJA-28,f__midas_f_31,g__midas_g_171,"",ASV209
k__Bacteria,p__Proteobacteria,c__Gammaproteobacteria,o__Burkholderiales,f__Gallionellaceae,g__Nitrotoga,s__midas_s_181,ASV211
k__Bacteria,p__Firmicutes,c__Clostridia,o__Peptostreptococcales-Tissierellales,f__Peptostreptococcaceae,g__Romboutsia,"",ASV212
k__Bacteria,p__Proteobacteria,c__Alphaproteobacteria,o__Rhizobiales,f__Rhizobiaceae,g__midas_g_153,"",ASV213
k__Bacteria,p__Proteobacteria,c__Gammaproteobacteria,o__Burkholderiales,f__Comamonadaceae,g__Rhodoferax,"",ASV214
k__Bacteria,p__Proteobacteria,c__Alphaproteobacteria,o__Sphingomonadales,f__Sphingomonadaceae,g__Novosphingobium,s__midas_s_711,ASV217
k__Bacteria,p__Acidobacteriota,c__Blastocatellia,o__Blastocatellales,f__Blastocatellaceae,g__JGI_0001001-H03,"",ASV218
k__Bacteria,p__Proteobacteria,c__Alphaproteobacteria,o__Rhizobiales,f__Rhizobiaceae,"","",ASV221
k__Bacteria,p__Proteobacteria,c__Alphaproteobacteria,o__Rhodobacterales,f__Rhodobacteraceae,"","",ASV222
k__Bacteria,p__Proteobacteria,c__Gammaproteobacteria,o__Burkholderiales,f__Gallionellaceae,g__Nitrotoga,"",ASV223
k__Bacteria,p__Proteobacteria,c__Gammaproteobacteria,o__Burkholderiales,f__Rhodocyclaceae,g__Thauera,s__midas_s_256,ASV226
k__Bacteria,p__Proteobacteria,c__Alphaproteobacteria,o__Rhizobiales,f__Rhizobiaceae,"","",ASV228
k__Bacteria,p__Bacteroidota,c__Bacteroidia,o__Chitinophagales,f__Chitinophagaceae,g__Terrimonas,s__midas_s_743,ASV231
k__Bacteria,p__Chloroflexi,c__Anaerolineae,o__Ardenticatenales,f__Ca_Promineofilaceae,g__Ca_Promineofilum,s__midas_s_441,ASV233
k__Bacteria,p__Firmicutes,c__Bacilli,o__Lactobacillales,f__Carnobacteriaceae,g__Trichococcus,s__midas_s_4,ASV235
k__Bacteria,p__Proteobacteria,c__Gammaproteobacteria,o__midas_o_26,f__midas_f_98,g__Acidibacter,s__midas_s_197,ASV239
k__Bacteria,p__Proteobacteria,c__Alphaproteobacteria,o__Rhodobacterales,f__Rhodobacteraceae,"","",ASV242
k__Bacteria,p__Firmicutes,c__Clostridia,o__Clostridiales,f__Clostridiaceae,g__Clostridium_sensu_stricto_1,s__midas_s_64,ASV243
k__Bacteria,p__Firmicutes,c__Clostridia,o__Peptostreptococcales-Tissierellales,f__Peptostreptococcaceae,g__Romboutsia,"",ASV244
k__Bacteria,p__Firmicutes,c__Clostridia,o__Peptostreptococcales-Tissierellales,f__Peptostreptococcaceae,g__Intestinibacter,s__Intestinibacter_bartlettii,ASV245
k__Bacteria,p__Bacteroidota,c__Bacteroidia,o__Chitinophagales,f__Saprospiraceae,g__Ca_Epiflobacter,s__midas_s_40,ASV247
k__Bacteria,p__Acidobacteriota,c__Vicinamibacteria,o__Vicinamibacterales,f__Vicinamibacteraceae,g__midas_g_433,s__midas_s_433,ASV248
k__Bacteria,p__Actinobacteriota,c__Actinobacteria,o__midas_o_5,f__midas_f_5,g__midas_g_399,s__midas_s_399,ASV250
k__Bacteria,p__Bacteroidota,c__Bacteroidia,o__Chitinophagales,f__Saprospiraceae,g__Ca_Epiflobacter,s__midas_s_37,ASV253
k__Bacteria,p__Proteobacteria,c__Gammaproteobacteria,o__Run-SP154,f__midas_f_27,g__midas_g_70,"",ASV254
k__Bacteria,p__Proteobacteria,c__Alphaproteobacteria,o__Rhodobacterales,f__Rhodobacteraceae,g__Rhodobacter,"",ASV255
k__Bacteria,p__Actinobacteriota,c__Actinobacteria,o__Micrococcales,f__Intrasporangiaceae,g__Tetrasphaera,s__midas_s_544,ASV256
k__Bacteria,p__Actinobacteriota,c__Actinobacteria,o__Propionibacteriales,f__Nocardioidaceae,g__Nocardioides,s__midas_s_358,ASV260
k__Bacteria,p__Bacteroidota,c__Bacteroidia,o__Chitinophagales,f__Saprospiraceae,g__midas_g_65,s__midas_s_65,ASV261
k__Bacteria,p__Acidobacteriota,c__Blastocatellia,o__Blastocatellales,f__Blastocatellaceae,g__JGI_0001001-H03,s__midas_s_518,ASV262
k__Bacteria,p__Acidobacteriota,c__Vicinamibacteria,o__Vicinamibacterales,f__midas_f_352,g__midas_g_352,s__midas_s_352,ASV263
k__Bacteria,p__Proteobacteria,c__Gammaproteobacteria,o__Competibacterales,f__Competibacteraceae,g__Ca_Competibacter,s__midas_s_357,ASV268
k__Bacteria,p__Bacteroidota,c__Kapabacteria,o__Kapabacteriales,f__midas_f_428,g__midas_g_428,s__midas_s_428,ASV269
k__Bacteria,p__Chloroflexi,c__Anaerolineae,o__Caldilineales,f__Caldilineaceae,g__midas_g_105,s__midas_s_661,ASV270
k__Bacteria,p__Proteobacteria,c__Gammaproteobacteria,o__Run-SP154,f__midas_f_27,g__midas_g_70,"",ASV274
k__Bacteria,p__Actinobacteriota,c__Actinobacteria,o__Propionibacteriales,f__Nocardioidaceae,g__Nocardioides,s__midas_s_1034,ASV275
k__Bacteria,p__Actinobacteriota,c__Acidimicrobiia,o__Microtrichales,f__Iamiaceae,g__Iamia,s__midas_s_290,ASV279
k__Bacteria,p__Chloroflexi,c__Anaerolineae,o__C10-SB1A,f__Amarolineaceae,g__Ca_Sarcinithrix,s__midas_s_2699,ASV280
k__Bacteria,p__Proteobacteria,c__Alphaproteobacteria,o__Rhizobiales,f__Hyphomicrobiaceae,g__Pedomicrobium,s__midas_s_1303,ASV283
k__Bacteria,p__Actinobacteriota,c__Acidimicrobiia,o__Microtrichales,f__Microtrichaceae,g__midas_g_120,s__midas_s_334,ASV284
k__Bacteria,p__Proteobacteria,c__Gammaproteobacteria,o__Burkholderiales,f__Comamonadaceae,"","",ASV286
k__Bacteria,p__Proteobacteria,c__Gammaproteobacteria,o__Burkholderiales,f__Comamonadaceae,"","",ASV288
k__Bacteria,p__Proteobacteria,c__Gammaproteobacteria,o__Burkholderiales,f__Comamonadaceae,g__Aquabacterium,s__midas_s_333,ASV289
k__Bacteria,p__Proteobacteria,c__Alphaproteobacteria,o__Sphingomonadales,f__Sphingomonadaceae,g__midas_g_59,"",ASV291
k__Bacteria,p__Proteobacteria,c__Gammaproteobacteria,o__Burkholderiales,f__Rhodocyclaceae,g__midas_g_5535,s__midas_s_5535,ASV292
k__Bacteria,p__Actinobacteriota,c__Actinobacteria,o__Corynebacteriales,f__Mycobacteriaceae,g__Mycobacterium,"",ASV297
k__Bacteria,p__Proteobacteria,c__Alphaproteobacteria,o__Rhizobiales,f__Hyphomicrobiaceae,g__Hyphomicrobium,"",ASV299
k__Bacteria,p__Chloroflexi,c__Anaerolineae,o__Caldilineales,f__Caldilineaceae,g__midas_g_344,"",ASV300
k__Bacteria,p__Proteobacteria,c__Gammaproteobacteria,o__Burkholderiales,f__Comamonadaceae,g__Hydrogenophaga,s__Hydrogenophaga_taeniospiralis,ASV303
k__Bacteria,p__Proteobacteria,c__Alphaproteobacteria,o__Sphingomonadales,f__Sphingomonadaceae,g__Sphingobium,s__midas_s_670,ASV304
k__Bacteria,p__Firmicutes,c__Bacilli,o__Lactobacillales,f__Enterococcaceae,g__Enterococcus,s__Enterococcus_aquimarinus,ASV307
k__Bacteria,p__Firmicutes,c__Clostridia,o__Peptostreptococcales-Tissierellales,f__Peptostreptococcaceae,g__Romboutsia,"",ASV308
k__Bacteria,p__Proteobacteria,c__Gammaproteobacteria,o__Burkholderiales,f__Rhodocyclaceae,g__Dechloromonas,s__Ca_Dechloromonas_phosphorivorans,ASV309
k__Bacteria,p__Proteobacteria,c__Alphaproteobacteria,o__Rhizobiales,f__Hyphomicrobiaceae,g__Hyphomicrobium,s__midas_s_1201,ASV310
k__Bacteria,p__Proteobacteria,c__Gammaproteobacteria,o__Burkholderiales,f__Comamonadaceae,g__Rhodoferax,"",ASV311
k__Bacteria,p__Proteobacteria,c__Alphaproteobacteria,o__Rhodobacterales,f__Rhodobacteraceae,g__Defluviimonas,s__midas_s_1678,ASV312
k__Bacteria,p__Proteobacteria,c__Alphaproteobacteria,o__Rhodobacterales,f__Rhodobacteraceae,g__midas_g_57,"",ASV314
k__Bacteria,p__Bacteroidota,c__Bacteroidia,o__Chitinophagales,f__Saprospiraceae,g__midas_g_142,s__midas_s_142,ASV315
k__Bacteria,p__Proteobacteria,c__Alphaproteobacteria,o__Sphingomonadales,f__Sphingomonadaceae,g__Sphingopyxis,s__Sphingopyxis_bauzanensis,ASV316
k__Bacteria,p__Proteobacteria,c__Gammaproteobacteria,o__Burkholderiales,f__Nitrosomonadaceae,g__Nitrosomonas,"",ASV317
k__Bacteria,p__Proteobacteria,c__Gammaproteobacteria,o__Burkholderiales,f__SC-I-84,g__midas_g_1341,s__midas_s_3710,ASV319
k__Bacteria,p__Patescibacteria,c__Saccharimonadia,o__Saccharimonadales,f__midas_f_903,g__midas_g_903,s__midas_s_903,ASV321
k__Bacteria,p__Firmicutes,c__Clostridia,o__Peptostreptococcales-Tissierellales,f__Peptostreptococcaceae,g__Romboutsia,s__midas_s_34,ASV322
k__Bacteria,p__Acidobacteriota,c__Aminicenantia,o__Aminicenantales,f__midas_f_55,g__midas_g_55,s__midas_s_55,ASV326
k__Bacteria,p__Proteobacteria,c__Gammaproteobacteria,o__Competibacterales,f__Competibacteraceae,g__Ca_Competibacter,s__midas_s_2882,ASV327
k__Bacteria,p__Proteobacteria,c__Alphaproteobacteria,o__Sphingomonadales,f__Sphingomonadaceae,g__Novosphingobium,"",ASV328
k__Bacteria,p__Proteobacteria,c__Gammaproteobacteria,o__Burkholderiales,f__Comamonadaceae,g__Leptothrix,s__midas_s_81,ASV329
k__Bacteria,p__Proteobacteria,c__Alphaproteobacteria,o__Micavibrionales,f__Micavibrionaceae,g__midas_g_2943,s__midas_s_2943,ASV330
k__Bacteria,p__Chloroflexi,c__Anaerolineae,o__Ardenticatenales,f__Ca_Promineofilaceae,g__Ca_Promineofilum,"",ASV332
k__Bacteria,p__Chloroflexi,c__Anaerolineae,o__Caldilineales,f__Caldilineaceae,g__midas_g_8033,s__midas_s_8033,ASV335
k__Bacteria,p__Proteobacteria,c__Gammaproteobacteria,o__Burkholderiales,f__Gallionellaceae,g__Nitrotoga,s__midas_s_181,ASV339
k__Bacteria,p__Bacteroidota,c__Ignavibacteria,o__SJA-28,f__midas_f_31,g__midas_g_171,s__midas_s_171,ASV342
k__Bacteria,p__Bacteroidota,c__Bacteroidia,o__Chitinophagales,f__Saprospiraceae,g__Ca_Epiflobacter,s__midas_s_89,ASV343
k__Bacteria,p__Actinobacteriota,c__Actinobacteria,o__Propionibacteriales,f__Propionibacteriaceae,g__Aestuariimicrobium,s__midas_s_338,ASV345
k__Bacteria,p__Bacteroidota,c__Bacteroidia,o__Sphingobacteriales,f__AKYH767,g__midas_g_300,s__midas_s_300,ASV352
k__Bacteria,p__Chloroflexi,c__Anaerolineae,o__SBR1031,f__midas_f_119,g__midas_g_1676,s__midas_s_1676,ASV353
k__Bacteria,p__Proteobacteria,c__Gammaproteobacteria,o__Burkholderiales,f__Rhodocyclaceae,g__Sulfuritalea,"",ASV354
k__Bacteria,p__Proteobacteria,c__Alphaproteobacteria,o__Rhizobiales,f__Beijerinckiaceae,g__midas_g_534,s__midas_s_612,ASV357
k__Bacteria,p__Proteobacteria,c__Gammaproteobacteria,o__Burkholderiales,f__SC-I-84,g__midas_g_41102,s__midas_s_59116,ASV358
k__Bacteria,p__Myxococcota,c__Polyangia,o__Haliangiales,f__Haliangiaceae,g__Haliangium,s__midas_s_172,ASV359
k__Bacteria,p__Proteobacteria,c__Alphaproteobacteria,o__Rhizobiales,f__Devosiaceae,g__midas_g_877,"",ASV364
k__Bacteria,p__Bacteroidota,c__Bacteroidia,o__Chitinophagales,f__midas_f_11003,g__midas_g_11003,s__midas_s_11003,ASV366
k__Bacteria,p__Proteobacteria,c__Alphaproteobacteria,o__Rhodobacterales,f__Rhodobacteraceae,g__midas_g_436,s__midas_s_555,ASV367
k__Bacteria,p__Proteobacteria,c__Gammaproteobacteria,o__Burkholderiales,f__Comamonadaceae,"","",ASV371
k__Bacteria,p__Proteobacteria,c__Alphaproteobacteria,o__Rhizobiales,f__Hyphomicrobiaceae,g__Hyphomicrobium,s__midas_s_598,ASV372
k__Bacteria,p__Proteobacteria,c__Gammaproteobacteria,o__Burkholderiales,f__Comamonadaceae,g__Leptothrix,"",ASV375
k__Bacteria,p__Proteobacteria,c__Gammaproteobacteria,o__Burkholderiales,f__Comamonadaceae,g__Aquabacterium,s__midas_s_248,ASV378
k__Bacteria,p__Fusobacteriota,c__Fusobacteriia,o__Fusobacteriales,f__Leptotrichiaceae,g__Leptotrichia,s__midas_s_2907,ASV381
k__Bacteria,p__Firmicutes,c__Clostridia,o__Peptostreptococcales-Tissierellales,f__Peptostreptococcaceae,g__Romboutsia,s__midas_s_34,ASV382
k__Bacteria,p__Chloroflexi,c__Chloroflexia,o__Thermomicrobiales,f__JG30-KF-CM45,g__midas_g_859,s__midas_s_859,ASV383
k__Bacteria,p__WPS-2,c__midas_c_206,o__midas_o_395,f__midas_f_547,g__midas_g_547,s__midas_s_547,ASV384
k__Bacteria,p__Actinobacteriota,c__Acidimicrobiia,o__Microtrichales,f__Microtrichaceae,g__midas_g_120,s__midas_s_334,ASV385
k__Bacteria,p__Proteobacteria,c__Alphaproteobacteria,o__Rhizobiales,f__Devosiaceae,g__Devosia,s__midas_s_984,ASV386
k__Bacteria,p__Proteobacteria,c__Alphaproteobacteria,o__Rhizobiales,f__Beijerinckiaceae,g__midas_g_534,"",ASV388
k__Bacteria,p__Bacteroidota,c__Bacteroidia,o__Chitinophagales,f__Saprospiraceae,g__midas_g_65,s__midas_s_65,ASV390
k__Bacteria,p__Proteobacteria,c__Gammaproteobacteria,o__Thiotrichales,f__Thiotrichaceae,g__Thiothrix,"",ASV392
k__Bacteria,p__Actinobacteriota,c__Thermoleophilia,o__Solirubrobacterales,f__67-14,g__midas_g_52,"",ASV393
k__Bacteria,p__Chloroflexi,c__Anaerolineae,o__Anaerolineales,f__Anaerolineaceae,g__Ca_Villigracilis,s__midas_s_471,ASV395
k__Bacteria,p__Proteobacteria,c__Gammaproteobacteria,o__Competibacterales,f__Competibacteraceae,g__Ca_Contendobacter,s__midas_s_981,ASV396
k__Bacteria,p__Firmicutes,c__Clostridia,o__Oscillospirales,f__Ruminococcaceae,g__Subdoligranulum,s__midas_s_348,ASV401
k__Bacteria,p__Chloroflexi,c__Anaerolineae,o__Caldilineales,f__Caldilineaceae,g__midas_g_347,s__midas_s_347,ASV402
k__Bacteria,p__Campylobacterota,c__Campylobacteria,o__Campylobacterales,f__Arcobacteraceae,g__Arcobacter,"",ASV403
k__Bacteria,p__Bacteroidota,c__Bacteroidia,o__Chitinophagales,f__Saprospiraceae,g__Ca_Epiflobacter,s__midas_s_188,ASV404
k__Bacteria,p__Proteobacteria,c__Alphaproteobacteria,o__Rhodobacterales,f__Rhodobacteraceae,g__Phreatobacter,s__Phreatobacter_oligotrophus,ASV406
k__Bacteria,p__Chloroflexi,c__Chloroflexia,o__Thermomicrobiales,f__AKYG1722,g__midas_g_1277,s__midas_s_1277,ASV408
k__Bacteria,p__Firmicutes,c__Clostridia,o__Peptostreptococcales-Tissierellales,f__Peptostreptococcaceae,g__Romboutsia,s__midas_s_34,ASV413
k__Bacteria,p__Proteobacteria,c__Alphaproteobacteria,o__Rhodobacterales,f__Rhodobacteraceae,g__Paracoccus,"",ASV414
k__Bacteria,p__Bacteroidota,c__Bacteroidia,o__Flavobacteriales,f__NS9_marine_group,g__midas_g_225,s__midas_s_597,ASV415
k__Bacteria,p__Proteobacteria,c__Gammaproteobacteria,o__midas_o_26,f__midas_f_98,g__midas_g_268,s__midas_s_268,ASV417
k__Bacteria,p__Proteobacteria,c__Gammaproteobacteria,o__Burkholderiales,f__Comamonadaceae,g__Rhodoferax,s__midas_s_1744,ASV420
k__Bacteria,p__Proteobacteria,c__Gammaproteobacteria,o__Burkholderiales,f__Burkholderiaceae,g__Lautropia,s__midas_s_135,ASV421
k__Bacteria,p__Bacteroidota,c__Bacteroidia,o__Chitinophagales,f__Chitinophagaceae,g__Terrimonas,"",ASV425
k__Bacteria,p__Proteobacteria,c__Gammaproteobacteria,o__Burkholderiales,f__Comamonadaceae,g__Rhodoferax,"",ASV428
k__Bacteria,p__Firmicutes,c__Clostridia,o__Oscillospirales,f__Ruminococcaceae,g__Ruminococcus,s__midas_s_241,ASV429
k__Bacteria,p__Actinobacteriota,c__Actinobacteria,o__Propionibacteriales,f__Nocardioidaceae,g__Aeromicrobium,s__Aeromicrobium_choanae,ASV431
k__Bacteria,p__Bacteroidota,c__Bacteroidia,o__Chitinophagales,f__Saprospiraceae,g__midas_g_380,s__midas_s_380,ASV437
k__Bacteria,p__Proteobacteria,c__Alphaproteobacteria,o__Rhodobacterales,f__Rhodobacteraceae,g__Rhodobacter,s__midas_s_430,ASV438
k__Bacteria,p__Bacteroidota,c__Kryptonia,o__Kryptoniales,f__BSV26,g__midas_g_627,s__midas_s_627,ASV439
k__Bacteria,p__Proteobacteria,c__Alphaproteobacteria,o__Sphingomonadales,f__Sphingomonadaceae,g__midas_g_746,"",ASV443
k__Bacteria,p__Proteobacteria,c__Alphaproteobacteria,o__Rhodobacterales,f__Rhodobacteraceae,g__midas_g_436,s__midas_s_747,ASV448
k__Bacteria,p__Bacteroidota,c__Bacteroidia,o__Chitinophagales,f__37-13,g__midas_g_543,s__midas_s_543,ASV449
k__Bacteria,p__Proteobacteria,c__Gammaproteobacteria,o__Burkholderiales,f__Rhodocyclaceae,g__Sulfuritalea,"",ASV451
k__Bacteria,p__Proteobacteria,c__Gammaproteobacteria,o__Xanthomonadales,f__Rhodanobacteraceae,g__midas_g_2835,s__midas_s_2835,ASV454
k__Bacteria,p__Proteobacteria,c__Gammaproteobacteria,o__midas_o_26,f__midas_f_98,g__midas_g_273,"",ASV456
k__Bacteria,p__Bacteroidota,c__Bacteroidia,o__Flavobacteriales,f__NS9_marine_group,g__midas_g_385,"",ASV458
k__Bacteria,p__Bacteroidota,c__Bacteroidia,o__Chitinophagales,f__Chitinophagaceae,g__Terrimonas,"",ASV459
k__Bacteria,p__Bacteroidota,c__Bacteroidia,o__Chitinophagales,f__Saprospiraceae,g__Ca_Epiflobacter,s__midas_s_103,ASV461
k__Bacteria,p__Proteobacteria,c__Gammaproteobacteria,o__Xanthomonadales,f__Rhodanobacteraceae,g__Dokdonella,s__midas_s_1282,ASV462
k__Bacteria,p__Bacteroidota,c__Ignavibacteria,o__Ignavibacteriales,f__PHOS-HE36,g__midas_g_179,s__midas_s_179,ASV463
k__Bacteria,p__Chloroflexi,c__Anaerolineae,o__SBR1031,f__A4b,g__OLB13,s__midas_s_1091,ASV464
k__Bacteria,p__Firmicutes,c__Clostridia,o__Clostridiales,f__Clostridiaceae,g__Clostridium_sensu_stricto_1,s__midas_s_101,ASV465
k__Bacteria,p__Proteobacteria,c__Gammaproteobacteria,o__Burkholderiales,f__A21b,g__midas_g_454,s__midas_s_454,ASV467
k__Bacteria,p__Proteobacteria,c__Alphaproteobacteria,o__Rhizobiales,f__Hyphomicrobiaceae,g__midas_g_648,s__midas_s_648,ASV469
k__Bacteria,p__Proteobacteria,c__Gammaproteobacteria,o__Burkholderiales,f__Gallionellaceae,g__Nitrotoga,s__midas_s_181,ASV470
k__Bacteria,p__Proteobacteria,c__Alphaproteobacteria,o__Sphingomonadales,f__Sphingomonadaceae,g__Novosphingobium,s__midas_s_244,ASV476
k__Bacteria,p__Proteobacteria,c__Alphaproteobacteria,o__Azospirillales,f__midas_f_406,g__Stella,s__midas_s_406,ASV479
k__Bacteria,p__Proteobacteria,c__Alphaproteobacteria,o__Sphingomonadales,f__Sphingomonadaceae,g__Sphingopyxis,s__midas_s_983,ASV481
k__Bacteria,p__Bacteroidota,c__Bacteroidia,o__Chitinophagales,f__Saprospiraceae,g__midas_g_321,s__midas_s_321,ASV482
k__Bacteria,p__Proteobacteria,c__Alphaproteobacteria,o__Rhizobiales,f__Xanthobacteraceae,g__Afipia,"",ASV485
k__Bacteria,p__Proteobacteria,c__Gammaproteobacteria,o__Burkholderiales,f__Comamonadaceae,"","",ASV486
k__Bacteria,p__Patescibacteria,c__Saccharimonadia,o__Saccharimonadales,f__midas_f_67,g__midas_g_363,s__midas_s_363,ASV487
k__Bacteria,p__Chloroflexi,c__Anaerolineae,o__Caldilineales,f__Caldilineaceae,g__midas_g_105,s__midas_s_868,ASV488
k__Bacteria,p__Patescibacteria,c__Saccharimonadia,o__Saccharimonadales,f__midas_f_4375,g__midas_g_4375,s__midas_s_6364,ASV489
k__Bacteria,p__Actinobacteriota,c__Actinobacteria,o__Micrococcales,f__Dermatophilaceae,g__midas_g_739,s__midas_s_739,ASV491
k__Bacteria,p__Proteobacteria,c__Gammaproteobacteria,o__Burkholderiales,f__Comamonadaceae,"","",ASV498
k__Bacteria,p__Proteobacteria,c__Alphaproteobacteria,o__Rhodobacterales,f__Rhodobacteraceae,g__Falsirhodobacter,s__midas_s_1464,ASV499
k__Bacteria,p__Proteobacteria,c__Alphaproteobacteria,o__Sphingomonadales,f__Sphingomonadaceae,g__Novosphingobium,"",ASV505
k__Bacteria,p__Fusobacteriota,c__Fusobacteriia,o__Fusobacteriales,f__Leptotrichiaceae,g__Leptotrichia,s__midas_s_2907,ASV507
k__Bacteria,p__Bacteroidota,c__Bacteroidia,o__Flavobacteriales,f__NS9_marine_group,g__midas_g_434,s__midas_s_434,ASV509
k__Bacteria,p__Actinobacteriota,c__Actinobacteria,o__Micrococcales,f__Dermatophilaceae,g__midas_g_724,s__midas_s_724,ASV512
k__Bacteria,p__Proteobacteria,c__Alphaproteobacteria,o__Sphingomonadales,f__Sphingomonadaceae,g__Novosphingobium,s__midas_s_587,ASV513
k__Bacteria,p__Actinobacteriota,c__Actinobacteria,o__Kineosporiales,f__Kineosporiaceae,g__Quadrisphaera,s__midas_s_2000,ASV514
k__Bacteria,p__Proteobacteria,c__Gammaproteobacteria,o__Burkholderiales,f__Comamonadaceae,"","",ASV515
k__Bacteria,p__Proteobacteria,c__Gammaproteobacteria,o__Burkholderiales,f__Rhodocyclaceae,g__Denitratisoma,s__midas_s_5897,ASV523
k__Bacteria,p__Proteobacteria,c__Alphaproteobacteria,o__Sphingomonadales,f__Sphingomonadaceae,g__Novosphingobium,s__midas_s_645,ASV524
k__Bacteria,p__Proteobacteria,c__Alphaproteobacteria,o__Rhizobiales,f__Hyphomicrobiaceae,g__Hyphomicrobium,"",ASV525
k__Bacteria,p__Proteobacteria,c__Alphaproteobacteria,o__Rhizobiales,f__Rhizobiaceae,"","",ASV532
k__Bacteria,p__Actinobacteriota,c__Actinobacteria,o__Propionibacteriales,f__Nocardioidaceae,g__Nocardioides,s__midas_s_625,ASV533
k__Bacteria,p__Chloroflexi,c__Anaerolineae,o__Ardenticatenales,f__Ca_Promineofilaceae,g__Ca_Promineofilum,s__midas_s_1085,ASV540
k__Bacteria,p__Bacteroidota,c__Bacteroidia,o__Chitinophagales,f__Saprospiraceae,g__midas_g_207,s__midas_s_207,ASV544
k__Bacteria,p__Chloroflexi,c__Anaerolineae,o__C10-SB1A,f__Amarolineaceae,g__Ca_Sarcinithrix,s__midas_s_1460,ASV545
k__Bacteria,p__Proteobacteria,c__Gammaproteobacteria,o__Burkholderiales,f__Rhodocyclaceae,g__Dechloromonas,"",ASV548
k__Bacteria,p__Proteobacteria,c__Alphaproteobacteria,o__Rhizobiales,f__A0839,g__midas_g_694,s__midas_s_694,ASV550
k__Bacteria,p__Actinobacteriota,c__Acidimicrobiia,o__Microtrichales,f__Iamiaceae,g__Iamia,s__midas_s_952,ASV552
k__Bacteria,p__Bacteroidota,c__Bacteroidia,o__Chitinophagales,f__Saprospiraceae,g__midas_g_384,s__midas_s_384,ASV553
k__Bacteria,p__Bacteroidota,c__Ignavibacteria,o__SJA-28,f__midas_f_31,g__midas_g_31,s__midas_s_359,ASV557
k__Bacteria,p__Proteobacteria,c__Gammaproteobacteria,o__Burkholderiales,f__Comamonadaceae,g__Sphaerotilus,"",ASV559
k__Bacteria,p__Acidobacteriota,c__Vicinamibacteria,o__Subgroup_17,f__midas_f_1096,g__midas_g_1096,"",ASV562
k__Bacteria,p__Chloroflexi,c__Anaerolineae,o__Caldilineales,f__Caldilineaceae,g__midas_g_169,s__midas_s_1414,ASV577
k__Bacteria,p__Bacteroidota,c__Ignavibacteria,o__Ignavibacteriales,f__PHOS-HE36,g__midas_g_179,s__midas_s_179,ASV579
k__Bacteria,p__Chloroflexi,c__Anaerolineae,o__Ardenticatenales,f__Ca_Promineofilaceae,g__Ca_Promineofilum,"",ASV583
k__Bacteria,p__Proteobacteria,c__Gammaproteobacteria,o__Thiotrichales,f__Thiotrichaceae,g__Thiothrix,"",ASV587
k__Bacteria,p__Acidobacteriota,c__Vicinamibacteria,o__Vicinamibacterales,f__midas_f_352,g__midas_g_991,s__midas_s_991,ASV592
k__Bacteria,p__Proteobacteria,c__Alphaproteobacteria,o__Rhodobacterales,f__Rhodobacteraceae,"","",ASV593
k__Bacteria,p__Gemmatimonadota,c__Gemmatimonadetes,o__Gemmatimonadales,f__Gemmatimonadaceae,g__midas_g_395,s__midas_s_395,ASV596
k__Bacteria,p__Proteobacteria,c__Gammaproteobacteria,o__Burkholderiales,f__Rhodocyclaceae,g__Thauera,s__midas_s_256,ASV599
k__Bacteria,p__Bacteroidota,c__Bacteroidia,o__Chitinophagales,f__Chitinophagaceae,g__Ferruginibacter,s__midas_s_329,ASV605
k__Bacteria,p__Proteobacteria,c__Gammaproteobacteria,o__Burkholderiales,f__Rhodocyclaceae,g__Ca_Accumulibacter,s__midas_s_168,ASV608
k__Bacteria,p__Proteobacteria,c__Alphaproteobacteria,o__Rhodobacterales,f__Rhodobacteraceae,"","",ASV609
k__Bacteria,p__Bacteroidota,c__Bacteroidia,o__Flavobacteriales,f__Flavobacteriaceae,g__Flavobacterium,s__midas_s_3093,ASV612
k__Bacteria,p__Chloroflexi,c__Anaerolineae,o__SBR1031,f__midas_f_119,g__midas_g_119,s__midas_s_119,ASV616
k__Bacteria,p__Proteobacteria,c__Alphaproteobacteria,o__Rhizobiales,f__Hyphomicrobiaceae,g__Hyphomicrobium,s__midas_s_1257,ASV619
k__Bacteria,p__Bacteroidota,c__Ignavibacteria,o__Ignavibacteriales,f__PHOS-HE36,g__midas_g_179,s__midas_s_179,ASV620
k__Bacteria,p__Firmicutes,c__Clostridia,o__Oscillospirales,f__Hungateiclostridiaceae,g__Saccharofermentans,s__midas_s_342,ASV622
k__Bacteria,p__Proteobacteria,c__Alphaproteobacteria,o__Rhizobiales,f__Hyphomicrobiaceae,g__Pedomicrobium,"",ASV623
k__Bacteria,p__Acidobacteriota,c__Blastocatellia,o__Blastocatellales,f__Blastocatellaceae,g__Stenotrophobacter,s__midas_s_1188,ASV625
k__Bacteria,p__Chloroflexi,c__Anaerolineae,o__Caldilineales,f__Caldilineaceae,g__midas_g_169,s__midas_s_706,ASV630
k__Bacteria,p__Proteobacteria,c__Gammaproteobacteria,o__Burkholderiales,f__Rhodocyclaceae,g__Sulfuritalea,s__Sulfuritalea_hydrogenivorans,ASV638
k__Bacteria,p__Proteobacteria,c__Gammaproteobacteria,o__Burkholderiales,f__Rhodocyclaceae,g__Dechloromonas,s__midas_s_9060,ASV639
k__Bacteria,p__Proteobacteria,c__Gammaproteobacteria,o__Competibacterales,f__Competibacteraceae,g__Ca_Competibacter,s__midas_s_1820,ASV640
k__Bacteria,p__Proteobacteria,c__Gammaproteobacteria,o__Burkholderiales,f__Rhodocyclaceae,g__Sulfuritalea,"",ASV641
k__Bacteria,p__Proteobacteria,c__Gammaproteobacteria,o__midas_o_26,f__midas_f_98,g__midas_g_523,s__midas_s_523,ASV646
k__Bacteria,p__Proteobacteria,c__Gammaproteobacteria,o__Burkholderiales,f__Burkholderiaceae,g__Lautropia,s__midas_s_750,ASV648
k__Bacteria,p__Proteobacteria,c__Gammaproteobacteria,o__Burkholderiales,f__Rhodocyclaceae,g__Sulfuritalea,s__Sulfuritalea_hydrogenivorans,ASV651
k__Bacteria,p__Chloroflexi,c__Anaerolineae,o__Caldilineales,f__Caldilineaceae,g__midas_g_169,s__midas_s_706,ASV653
k__Bacteria,p__Proteobacteria,c__Alphaproteobacteria,o__Rhizobiales,f__Xanthobacteraceae,"","",ASV656
k__Bacteria,p__Chloroflexi,c__Anaerolineae,o__Caldilineales,f__Caldilineaceae,g__midas_g_1422,s__midas_s_2832,ASV660
k__Bacteria,p__Bacteroidota,c__Bacteroidia,o__Chitinophagales,f__Saprospiraceae,g__midas_g_1226,s__midas_s_1226,ASV662
k__Bacteria,p__Myxococcota,c__Polyangia,o__Nannocystales,f__Nannocystaceae,g__Nannocystis,s__midas_s_1119,ASV666
k__Bacteria,p__Proteobacteria,c__Alphaproteobacteria,o__Rhizobiales,f__Hyphomicrobiaceae,g__Pedomicrobium,"",ASV667
k__Bacteria,p__Patescibacteria,c__Saccharimonadia,o__Saccharimonadales,f__midas_f_67,g__midas_g_363,s__midas_s_363,ASV669
k__Bacteria,p__Gemmatimonadota,c__Gemmatimonadetes,o__Gemmatimonadales,f__Gemmatimonadaceae,g__midas_g_764,s__midas_s_764,ASV670
k__Bacteria,p__Patescibacteria,c__Saccharimonadia,o__Saccharimonadales,f__midas_f_67,g__midas_g_2020,s__midas_s_2020,ASV672
k__Bacteria,p__Actinobacteriota,c__Actinobacteria,o__Propionibacteriales,f__Propionibacteriaceae,g__Micropruina,s__Micropruina_glycogenica,ASV675
k__Bacteria,p__Actinobacteriota,c__Actinobacteria,o__Propionibacteriales,f__Nocardioidaceae,g__Nocardioides,s__midas_s_1344,ASV680
k__Bacteria,p__Firmicutes,c__Bacilli,o__Lactobacillales,f__Streptococcaceae,g__Streptococcus,"",ASV682
k__Bacteria,p__Proteobacteria,c__Gammaproteobacteria,o__Burkholderiales,f__Neisseriaceae,g__Alysiella,s__midas_s_1478,ASV683
k__Bacteria,p__Chloroflexi,c__Anaerolineae,o__Anaerolineales,f__Anaerolineaceae,g__Ca_Villigracilis,s__midas_s_471,ASV692
k__Bacteria,p__Proteobacteria,c__Alphaproteobacteria,o__Rhizobiales,f__Devosiaceae,g__Devosia,s__midas_s_877,ASV693
k__Bacteria,p__Proteobacteria,c__Alphaproteobacteria,o__Rhodobacterales,f__Rhodobacteraceae,g__Gemmobacter,s__Gemmobacter_aquaticus,ASV695
k__Bacteria,p__Bacteroidota,c__Bacteroidia,o__Sphingobacteriales,f__AKYH767,g__midas_g_300,s__midas_s_1146,ASV696
k__Bacteria,p__Actinobacteriota,c__Actinobacteria,o__Corynebacteriales,f__Mycobacteriaceae,g__Mycobacterium,s__Mycobacterium_fallax,ASV703
k__Bacteria,p__Proteobacteria,c__Gammaproteobacteria,o__Thiotrichales,f__Thiotrichaceae,g__Thiothrix,"",ASV704
k__Bacteria,p__Proteobacteria,c__Gammaproteobacteria,o__Burkholderiales,f__Rhodocyclaceae,g__midas_g_94,s__midas_s_16340,ASV707
k__Bacteria,p__Proteobacteria,c__Alphaproteobacteria,o__Sphingomonadales,f__Sphingomonadaceae,g__midas_g_746,"",ASV709
k__Bacteria,p__Firmicutes,c__Clostridia,o__Peptostreptococcales-Tissierellales,f__Peptostreptococcaceae,g__Romboutsia,"",ASV712
k__Bacteria,p__Proteobacteria,c__Alphaproteobacteria,o__Rhodospirillales,f__midas_f_2010,g__midas_g_2010,s__midas_s_2010,ASV714
k__Bacteria,p__Proteobacteria,c__Gammaproteobacteria,o__Competibacterales,f__Competibacteraceae,g__Ca_Competibacter,s__midas_s_1616,ASV715
k__Bacteria,p__Bacteroidota,c__Bacteroidia,o__Bacteroidales,f__Prolixibacteraceae,g__midas_g_422,s__midas_s_742,ASV718
k__Bacteria,p__Actinobacteriota,c__Acidimicrobiia,o__Microtrichales,f__Microtrichaceae,g__IMCC26207,s__midas_s_663,ASV720
k__Bacteria,p__Proteobacteria,c__Gammaproteobacteria,o__Burkholderiales,f__Comamonadaceae,g__midas_g_81,s__midas_s_202,ASV722
k__Bacteria,p__Proteobacteria,c__Alphaproteobacteria,o__Rhizobiales,f__Devosiaceae,g__Devosia,"",ASV723
k__Bacteria,p__Proteobacteria,c__Alphaproteobacteria,o__Caulobacterales,f__Caulobacteraceae,g__Phenylobacterium,s__midas_s_1057,ASV728
k__Bacteria,p__Bacteroidota,c__Bacteroidia,o__Chitinophagales,f__Saprospiraceae,g__OLB8,"",ASV730
k__Bacteria,p__Bacteroidota,c__Bacteroidia,o__Chitinophagales,f__Saprospiraceae,g__Haliscomenobacter,s__midas_s_217,ASV735
k__Bacteria,p__Proteobacteria,c__Gammaproteobacteria,o__Burkholderiales,f__Nitrosomonadaceae,g__Ellin6067,s__midas_s_31440,ASV737
k__Bacteria,p__Proteobacteria,c__Gammaproteobacteria,o__Burkholderiales,f__Comamonadaceae,g__Comamonas,s__Comamonas_denitrificans,ASV738
k__Bacteria,p__Proteobacteria,c__Gammaproteobacteria,o__midas_o_26,f__midas_f_98,g__midas_g_268,s__midas_s_268,ASV739
k__Bacteria,p__Acidobacteriota,c__Thermoanaerobaculia,o__Thermoanaerobaculales,f__Thermoanaerobaculaceae,g__Subgroup_10,s__midas_s_1112,ASV746
k__Bacteria,p__Proteobacteria,c__Gammaproteobacteria,o__Competibacterales,f__Competibacteraceae,g__Ca_Contendobacter,s__Ca_Contendobacter_odensis,ASV748
k__Bacteria,p__Patescibacteria,c__Saccharimonadia,o__Saccharimonadales,f__midas_f_67,g__midas_g_363,s__midas_s_363,ASV749
k__Bacteria,p__Proteobacteria,c__Alphaproteobacteria,o__Rhodobacterales,f__Rhodobacteraceae,g__midas_g_57,s__midas_s_1037,ASV756
k__Bacteria,p__Proteobacteria,c__Gammaproteobacteria,o__Burkholderiales,f__SC-I-84,g__midas_g_41102,s__midas_s_59116,ASV759
k__Bacteria,p__Proteobacteria,c__Alphaproteobacteria,o__Rhodobacterales,f__Rhodobacteraceae,g__Tabrizicola,"",ASV762
k__Bacteria,p__Firmicutes,c__Clostridia,o__Clostridiales,f__Clostridiaceae,g__Clostridium_sensu_stricto_1,s__midas_s_101,ASV764
k__Bacteria,p__Proteobacteria,c__Alphaproteobacteria,o__Caulobacterales,f__Caulobacteraceae,g__Phenylobacterium,s__midas_s_1057,ASV767
k__Bacteria,p__Proteobacteria,c__Gammaproteobacteria,o__Burkholderiales,f__Comamonadaceae,g__Leptothrix,"",ASV769
k__Bacteria,p__Proteobacteria,c__Gammaproteobacteria,o__Burkholderiales,f__B1-7BS,g__Ca_Methylophosphatis,s__Ca_Methylophosphatis_roskildensis,ASV773
k__Bacteria,p__Actinobacteriota,c__Actinobacteria,o__Micrococcales,f__Intrasporangiaceae,g__Tetrasphaera,s__midas_s_1404,ASV776
k__Bacteria,p__Actinobacteriota,c__Actinobacteria,o__Micrococcales,f__Beutenbergiaceae,g__midas_g_2342,s__midas_s_2342,ASV777
k__Bacteria,p__Actinobacteriota,c__Actinobacteria,o__Corynebacteriales,f__Nocardiaceae,g__Gordonia,s__midas_s_2106,ASV779
k__Bacteria,p__Proteobacteria,c__Alphaproteobacteria,o__Rhodobacterales,f__Rhodobacteraceae,g__Rubellimicrobium,s__midas_s_1155,ASV781
k__Bacteria,p__Proteobacteria,c__Alphaproteobacteria,o__Rhizobiales,f__Devosiaceae,g__Devosia,"",ASV784
k__Bacteria,p__Proteobacteria,c__Gammaproteobacteria,o__Burkholderiales,f__Comamonadaceae,"","",ASV785
k__Bacteria,p__Proteobacteria,c__Alphaproteobacteria,o__Rhizobiales,f__Rhizobiaceae,"","",ASV788
k__Bacteria,p__Proteobacteria,c__Gammaproteobacteria,o__Burkholderiales,f__Comamonadaceae,g__Ramlibacter,"",ASV791
k__Bacteria,p__Chloroflexi,c__Anaerolineae,o__Anaerolineales,f__Anaerolineaceae,g__Ca_Villigracilis,s__midas_s_471,ASV792
k__Bacteria,p__Bacteroidota,c__Bacteroidia,o__Chitinophagales,f__Saprospiraceae,g__OLB8,s__midas_s_29,ASV794
k__Bacteria,p__Desulfobacterota,c__Desulfobulbia,o__Desulfobulbales,f__Desulfobulbaceae,g__Desulfobulbus,s__midas_s_1262,ASV798
k__Bacteria,p__Proteobacteria,c__Alphaproteobacteria,o__Rhizobiales,f__Rhizobiaceae,g__Mesorhizobium,"",ASV802
k__Bacteria,p__Proteobacteria,c__Gammaproteobacteria,o__Competibacterales,f__Competibacteraceae,g__Ca_Competibacter,s__midas_s_2376,ASV806
k__Bacteria,p__Acidobacteriota,c__Holophagae,o__Subgroup_7,f__midas_f_973,g__midas_g_973,s__midas_s_973,ASV809
k__Bacteria,p__Proteobacteria,c__Alphaproteobacteria,o__Rhodobacterales,f__Rhodobacteraceae,g__midas_g_2171,s__midas_s_2171,ASV811
k__Bacteria,p__Bacteroidota,c__Bacteroidia,o__Chitinophagales,f__Saprospiraceae,g__Ca_Epiflobacter,s__midas_s_317,ASV825
k__Bacteria,p__Bacteroidota,c__Bacteroidia,o__Flavobacteriales,f__NS9_marine_group,g__midas_g_843,s__midas_s_1171,ASV826
k__Bacteria,p__Proteobacteria,c__Alphaproteobacteria,o__Rhodobacterales,f__Rhodobacteraceae,g__Paracoccus,"",ASV827
k__Bacteria,p__Actinobacteriota,c__Acidimicrobiia,o__Microtrichales,f__Ilumatobacteraceae,g__CL500-29_marine_group,s__midas_s_904,ASV829
k__Bacteria,p__Firmicutes,c__Clostridia,o__Clostridiales,f__Clostridiaceae,g__Clostridium_sensu_stricto_1,s__midas_s_101,ASV830
k__Bacteria,p__Proteobacteria,c__Alphaproteobacteria,o__Rhizobiales,f__Hyphomicrobiaceae,g__Hyphomicrobium,s__midas_s_1607,ASV837
k__Bacteria,p__Proteobacteria,c__Alphaproteobacteria,o__Micavibrionales,f__midas_f_2943,g__midas_g_4210,s__midas_s_4210,ASV838
k__Bacteria,p__Chloroflexi,c__Anaerolineae,o__Caldilineales,f__Caldilineaceae,g__midas_g_1400,s__midas_s_1400,ASV842
k__Bacteria,p__Proteobacteria,c__Gammaproteobacteria,o__Burkholderiales,f__Comamonadaceae,g__Rhodoferax,"",ASV844
k__Bacteria,p__Bacteroidota,c__Bacteroidia,o__Chitinophagales,f__Saprospiraceae,g__midas_g_142,s__midas_s_142,ASV848
k__Bacteria,p__Chloroflexi,c__Anaerolineae,o__Caldilineales,f__Caldilineaceae,"","",ASV849
k__Bacteria,p__Proteobacteria,c__Alphaproteobacteria,o__Rhizobiales,f__Devosiaceae,g__Devosia,s__midas_s_908,ASV850
k__Bacteria,p__Chloroflexi,c__Anaerolineae,o__Ardenticatenales,f__Ca_Promineofilaceae,g__Ca_Promineofilum,s__midas_s_1604,ASV854
k__Bacteria,p__Proteobacteria,c__Gammaproteobacteria,o__Burkholderiales,f__Comamonadaceae,g__midas_g_33,s__midas_s_264,ASV857
k__Bacteria,p__Proteobacteria,c__Gammaproteobacteria,o__Burkholderiales,f__Rhodocyclaceae,g__Dechloromonas,"",ASV858
k__Bacteria,p__Chloroflexi,c__Anaerolineae,o__Caldilineales,f__Caldilineaceae,g__midas_g_1422,s__midas_s_1422,ASV859
k__Bacteria,p__Proteobacteria,c__Alphaproteobacteria,o__Defluviicoccales,f__Defluviicoccaceae,g__Defluviicoccus,s__Ca_Defluviicoccus_seviourii,ASV860
k__Bacteria,p__Bacteroidota,c__Ignavibacteria,o__Ignavibacteriales,f__Melioribacteraceae,g__IheB3-7,s__midas_s_1841,ASV863
k__Bacteria,p__Firmicutes,c__Clostridia,o__Lachnospirales,f__Lachnospiraceae,g__Agathobacter,s__Eubacterium_rectale,ASV871
k__Bacteria,p__Proteobacteria,c__Alphaproteobacteria,o__Rhizobiales,f__Hyphomicrobiaceae,g__Hyphomicrobium,s__midas_s_939,ASV877
k__Bacteria,p__Proteobacteria,c__Alphaproteobacteria,o__Rhodobacterales,f__Rhodobacteraceae,g__Paracoccus,s__midas_s_823,ASV879
k__Bacteria,p__Proteobacteria,c__Gammaproteobacteria,o__Burkholderiales,f__Comamonadaceae,g__Leptothrix,s__midas_s_884,ASV884
k__Bacteria,p__Proteobacteria,c__Gammaproteobacteria,o__Xanthomonadales,f__Rhodanobacteraceae,g__Ahniella,"",ASV886
k__Bacteria,p__Proteobacteria,c__Alphaproteobacteria,o__Rhizobiales,f__Devosiaceae,g__Devosia,"",ASV893
k__Bacteria,p__Bacteroidota,c__Bacteroidia,o__Chitinophagales,f__Saprospiraceae,g__Ca_Epiflobacter,s__midas_s_188,ASV896
k__Bacteria,p__Firmicutes,c__Clostridia,o__Lachnospirales,f__Lachnospiraceae,g__Agathobacter,s__Eubacterium_rectale,ASV900
k__Bacteria,p__Bacteroidota,c__Bacteroidia,o__Chitinophagales,f__Saprospiraceae,g__midas_g_380,s__midas_s_380,ASV907
k__Bacteria,p__Bacteroidota,c__Ignavibacteria,o__SJA-28,f__midas_f_31,g__midas_g_31,s__midas_s_589,ASV908
k__Bacteria,p__Bacteroidota,c__Bacteroidia,o__Chitinophagales,f__37-13,g__midas_g_1223,s__midas_s_1223,ASV910
k__Bacteria,p__Actinobacteriota,c__Acidimicrobiia,o__IMCC26256,f__midas_f_641,g__midas_g_641,s__midas_s_641,ASV912
k__Bacteria,p__Latescibacterota,c__midas_c_18,o__midas_o_962,f__midas_f_962,g__midas_g_962,s__midas_s_962,ASV916
k__Bacteria,p__Proteobacteria,c__Gammaproteobacteria,o__Competibacterales,f__Competibacteraceae,g__Ca_Competibacter,s__midas_s_2882,ASV920
k__Bacteria,p__Actinobacteriota,c__Actinobacteria,o__Micrococcales,f__Dermatophilaceae,g__midas_g_724,s__midas_s_830,ASV921
k__Bacteria,p__Proteobacteria,c__Alphaproteobacteria,o__Rhizobiales,f__Hyphomicrobiaceae,g__Pedomicrobium,s__midas_s_2321,ASV928
k__Bacteria,p__Proteobacteria,c__Alphaproteobacteria,o__Rhizobiales,f__Xanthobacteraceae,g__midas_g_1919,s__midas_s_1919,ASV929
k__Bacteria,p__Chloroflexi,c__Anaerolineae,o__Caldilineales,f__Caldilineaceae,g__midas_g_1422,s__midas_s_28733,ASV944
k__Bacteria,p__Bacteroidota,c__Bacteroidia,o__Flavobacteriales,f__NS9_marine_group,g__midas_g_225,s__midas_s_937,ASV946
k__Bacteria,p__Proteobacteria,c__Gammaproteobacteria,o__Burkholderiales,f__Comamonadaceae,"","",ASV948
k__Bacteria,p__Proteobacteria,c__Alphaproteobacteria,o__Rhodobacterales,f__Rhodobacteraceae,g__Rhodobacter,s__midas_s_1647,ASV951
k__Bacteria,p__Proteobacteria,c__Gammaproteobacteria,o__Thiotrichales,f__Thiotrichaceae,g__Thiothrix,s__Thiothrix_unzii,ASV953
k__Bacteria,p__Chloroflexi,c__Anaerolineae,o__Caldilineales,f__Caldilineaceae,g__midas_g_1083,s__midas_s_1083,ASV954
k__Bacteria,p__Proteobacteria,c__Alphaproteobacteria,o__Rhizobiales,f__Hyphomicrobiaceae,g__Hyphomicrobium,"",ASV956
k__Bacteria,p__Proteobacteria,c__Alphaproteobacteria,o__Rhizobiales,f__Rhizobiaceae,"","",ASV957
k__Bacteria,p__WPS-2,c__midas_c_206,o__midas_o_395,f__midas_f_547,g__midas_g_1701,s__midas_s_1701,ASV959
k__Bacteria,p__Chloroflexi,c__Anaerolineae,o__Caldilineales,f__Caldilineaceae,g__midas_g_344,s__midas_s_3900,ASV960
k__Bacteria,p__Proteobacteria,c__Gammaproteobacteria,o__Burkholderiales,f__Nitrosomonadaceae,g__Nitrosomonas,s__midas_s_723,ASV961
k__Bacteria,p__Proteobacteria,c__Alphaproteobacteria,o__Rhizobiales,f__Beijerinckiaceae,g__Methylorosula,s__midas_s_163,ASV964
k__Bacteria,p__Proteobacteria,c__Gammaproteobacteria,o__Burkholderiales,f__SC-I-84,g__midas_g_1341,s__midas_s_3710,ASV965
k__Bacteria,p__Acidobacteriota,c__Vicinamibacteria,o__Vicinamibacterales,f__midas_f_352,g__midas_g_1291,s__midas_s_1291,ASV971
k__Bacteria,p__Proteobacteria,c__Alphaproteobacteria,o__Rhizobiales,f__Rhizobiaceae,g__Mesorhizobium,"",ASV983
k__Bacteria,p__Proteobacteria,c__Alphaproteobacteria,o__Rhodobacterales,f__Rhodobacteraceae,"","",ASV995
k__Bacteria,p__Proteobacteria,c__Alphaproteobacteria,o__Rhizobiales,f__Hyphomicrobiaceae,g__midas_g_648,s__midas_s_648,ASV1002
k__Bacteria,p__Chloroflexi,c__OLB14,o__midas_o_731,f__midas_f_731,g__midas_g_1412,s__midas_s_1412,ASV1007
k__Bacteria,p__Campylobacterota,c__Campylobacteria,o__Campylobacterales,f__Arcobacteraceae,g__Pseudarcobacter,s__Pseudarcobacter_venerupis,ASV1010
k__Bacteria,p__Bacteroidota,c__Bacteroidia,o__Chitinophagales,f__Saprospiraceae,g__Ca_Epiflobacter,"",ASV1011
k__Bacteria,p__Patescibacteria,c__Saccharimonadia,o__Saccharimonadales,f__midas_f_728,g__midas_g_8429,s__midas_s_8429,ASV1013
k__Bacteria,p__Chloroflexi,c__Anaerolineae,o__C10-SB1A,f__Amarolineaceae,g__Ca_Sarcinithrix,s__midas_s_1460,ASV1017
k__Bacteria,p__Proteobacteria,c__Alphaproteobacteria,o__Rhizobiales,f__Rhizobiaceae,g__Aminobacter,"",ASV1021
k__Bacteria,p__Proteobacteria,c__Gammaproteobacteria,o__Burkholderiales,f__Comamonadaceae,g__Rhodoferax,s__midas_s_647,ASV1031
k__Bacteria,p__Proteobacteria,c__Gammaproteobacteria,o__Burkholderiales,f__Comamonadaceae,g__Ideonella,"",ASV1032
k__Bacteria,p__Proteobacteria,c__Alphaproteobacteria,o__Sphingomonadales,f__Sphingomonadaceae,g__Novosphingobium,s__midas_s_1084,ASV1033
k__Bacteria,p__Patescibacteria,c__Saccharimonadia,o__Saccharimonadales,f__midas_f_2784,g__midas_g_2784,s__midas_s_2784,ASV1034
k__Bacteria,p__Patescibacteria,c__Gracilibacteria,o__Absconditabacteriales_SR1,f__midas_f_10554,g__midas_g_10554,s__midas_s_10554,ASV1038
k__Bacteria,p__Bacteroidota,c__Bacteroidia,o__Chitinophagales,f__Chitinophagaceae,g__Terrimonas,s__midas_s_390,ASV1046
k__Bacteria,p__Patescibacteria,c__Saccharimonadia,o__Saccharimonadales,f__midas_f_4774,g__midas_g_10162,s__midas_s_10785,ASV1052
k__Bacteria,p__Firmicutes,c__Clostridia,o__Lachnospirales,f__Lachnospiraceae,g__Anaerostipes,s__Anaerostipes_hadrus,ASV1056
k__Bacteria,p__Proteobacteria,c__Alphaproteobacteria,o__Rhodobacterales,f__Rhodobacteraceae,g__Paracoccus,"",ASV1073
k__Bacteria,p__Bacteroidota,c__Bacteroidia,o__Chitinophagales,f__Saprospiraceae,g__Haliscomenobacter,s__Haliscomenobacter_hydrossis,ASV1078
k__Bacteria,p__Actinobacteriota,c__Actinobacteria,o__Propionibacteriales,f__Propionibacteriaceae,g__midas_g_497,s__midas_s_497,ASV1090
k__Bacteria,p__Proteobacteria,c__Alphaproteobacteria,o__Sphingomonadales,f__Sphingomonadaceae,g__Sphingorhabdus,s__midas_s_1365,ASV1097
k__Bacteria,p__Chloroflexi,c__Anaerolineae,o__Caldilineales,f__Caldilineaceae,g__midas_g_1965,s__midas_s_2271,ASV1108
k__Bacteria,p__Proteobacteria,c__Alphaproteobacteria,o__Rhizobiales,f__Devosiaceae,g__midas_g_877,"",ASV1114
k__Bacteria,p__Proteobacteria,c__Alphaproteobacteria,o__Sphingomonadales,f__Sphingomonadaceae,g__Novosphingobium,s__midas_s_1425,ASV1115
k__Bacteria,p__Proteobacteria,c__Alphaproteobacteria,o__Azospirillales,f__midas_f_406,g__Stella,"",ASV1119
k__Bacteria,p__Proteobacteria,c__Alphaproteobacteria,o__Tistrellales,f__Geminicoccaceae,g__Ca_Alysiosphaera,s__midas_s_1322,ASV1124
k__Bacteria,p__Bacteroidota,c__Bacteroidia,o__Chitinophagales,f__Saprospiraceae,g__midas_g_729,"",ASV1126
k__Bacteria,p__Actinobacteriota,c__Acidimicrobiia,o__IMCC26256,f__midas_f_641,g__midas_g_1268,s__midas_s_1268,ASV1128
k__Bacteria,p__Patescibacteria,c__Saccharimonadia,o__Saccharimonadales,f__midas_f_67,g__midas_g_2020,s__midas_s_2020,ASV1131
k__Bacteria,p__Proteobacteria,c__Alphaproteobacteria,o__Sphingomonadales,f__Sphingomonadaceae,g__midas_g_59,s__midas_s_1224,ASV1152
k__Bacteria,p__Chloroflexi,c__Anaerolineae,o__RBG-13-54-9,f__midas_f_3181,g__midas_g_3181,s__midas_s_3181,ASV1154
k__Bacteria,p__Proteobacteria,c__Gammaproteobacteria,o__Burkholderiales,f__Comamonadaceae,g__Acidovorax,"",ASV1167
k__Bacteria,p__Bacteroidota,c__Bacteroidia,o__Flavobacteriales,f__NS9_marine_group,g__midas_g_3186,s__midas_s_3186,ASV1171
k__Bacteria,p__Bacteroidota,c__Bacteroidia,o__Chitinophagales,f__Saprospiraceae,g__midas_g_142,s__midas_s_923,ASV1207
k__Bacteria,p__Proteobacteria,c__Alphaproteobacteria,o__Sphingomonadales,f__Sphingomonadaceae,g__midas_g_746,"",ASV1213
k__Bacteria,p__Fusobacteriota,c__Fusobacteriia,o__Fusobacteriales,f__Leptotrichiaceae,g__Leptotrichia,s__midas_s_2907,ASV1217
k__Bacteria,p__Proteobacteria,c__Alphaproteobacteria,o__Rhizobiales,f__Xanthobacteraceae,g__midas_g_251,s__midas_s_3866,ASV1221
k__Bacteria,p__Proteobacteria,c__Alphaproteobacteria,o__Rhizobiales,f__Xanthobacteraceae,g__midas_g_1919,"",ASV1227
k__Bacteria,p__Proteobacteria,c__Alphaproteobacteria,o__Rhizobiales,f__Devosiaceae,g__Devosia,s__midas_s_2018,ASV1228
k__Bacteria,p__Bacteroidota,c__Bacteroidia,o__Bacteroidales,f__Prolixibacteraceae,g__midas_g_422,s__midas_s_742,ASV1229
k__Bacteria,p__Patescibacteria,c__Saccharimonadia,o__Saccharimonadales,f__midas_f_4925,g__midas_g_10902,s__midas_s_10902,ASV1230
k__Bacteria,p__Chloroflexi,c__Anaerolineae,o__Caldilineales,f__Caldilineaceae,g__midas_g_5463,s__midas_s_21553,ASV1231
k__Bacteria,p__Patescibacteria,c__Saccharimonadia,o__Saccharimonadales,f__midas_f_10823,g__midas_g_11423,"",ASV1232
k__Bacteria,p__Proteobacteria,c__Alphaproteobacteria,o__Rhodobacterales,f__Rhodobacteraceae,g__Rhodobacter,"",ASV1235
k__Bacteria,p__Acidobacteriota,c__Holophagae,o__Subgroup_7,f__midas_f_973,g__midas_g_973,s__midas_s_973,ASV1241
k__Bacteria,p__Proteobacteria,c__Alphaproteobacteria,o__Sphingomonadales,f__Sphingomonadaceae,g__Novosphingobium,"",ASV1259
k__Bacteria,p__Chloroflexi,c__Anaerolineae,o__Anaerolineales,f__Anaerolineaceae,g__Anaerolinea,s__midas_s_3123,ASV1272
k__Bacteria,p__Actinobacteriota,c__Actinobacteria,o__Propionibacteriales,f__Propionibacteriaceae,g__Tessaracoccus,s__Tessaracoccus_flavescens,ASV1275
k__Bacteria,p__Proteobacteria,c__Gammaproteobacteria,o__Burkholderiales,f__Comamonadaceae,g__Ottowia,s__midas_s_482,ASV1276
k__Bacteria,p__Proteobacteria,c__Gammaproteobacteria,o__midas_o_147,f__midas_f_2362,g__Ca_Ovatusbacter,s__midas_s_2362,ASV1279
k__Bacteria,p__Proteobacteria,c__Alphaproteobacteria,o__Rhodobacterales,f__Rhodobacteraceae,g__midas_g_2400,s__midas_s_2400,ASV1281
k__Bacteria,p__Chloroflexi,c__Anaerolineae,o__SBR1031,f__midas_f_12777,g__midas_g_16660,s__midas_s_16660,ASV1282
k__Bacteria,p__Proteobacteria,c__Alphaproteobacteria,o__Rhizobiales,f__Hyphomicrobiaceae,g__Pedomicrobium,s__midas_s_1303,ASV1284
k__Bacteria,p__Patescibacteria,c__Saccharimonadia,o__Saccharimonadales,f__midas_f_4925,g__midas_g_6697,s__midas_s_6697,ASV1294
k__Bacteria,p__Planctomycetota,c__Planctomycetes,o__Planctomycetales,f__Rubinisphaeraceae,g__midas_g_1221,s__midas_s_1847,ASV1306
k__Bacteria,p__Desulfobacterota,c__Desulfuromonadia,o__PB19,f__midas_f_1334,g__midas_g_1334,s__midas_s_1996,ASV1318
k__Bacteria,p__Proteobacteria,c__Gammaproteobacteria,o__Burkholderiales,f__Comamonadaceae,"","",ASV1326
k__Bacteria,p__Acidobacteriota,c__Vicinamibacteria,o__Vicinamibacterales,f__midas_f_352,g__midas_g_1291,s__midas_s_1291,ASV1335
k__Bacteria,p__Proteobacteria,c__Gammaproteobacteria,o__Competibacterales,f__Competibacteraceae,g__Ca_Contendobacter,s__midas_s_1952,ASV1337
k__Bacteria,p__Proteobacteria,c__Gammaproteobacteria,o__Burkholderiales,f__Nitrosomonadaceae,g__Nitrosomonas,s__midas_s_2254,ASV1363
k__Bacteria,p__Proteobacteria,c__Alphaproteobacteria,o__Micavibrionales,f__midas_f_2019,g__midas_g_2087,s__midas_s_2087,ASV1369
k__Bacteria,p__Latescibacterota,c__midas_c_18,o__midas_o_753,f__midas_f_1938,g__midas_g_1938,s__midas_s_1938,ASV1377
k__Bacteria,p__Desulfobacterota,c__midas_c_41,o__midas_o_918,f__midas_f_918,g__midas_g_2154,s__midas_s_2154,ASV1380
k__Bacteria,p__Patescibacteria,c__Saccharimonadia,o__Saccharimonadales,f__midas_f_4375,g__midas_g_4375,s__midas_s_4375,ASV1382
k__Bacteria,p__Patescibacteria,c__Saccharimonadia,o__Saccharimonadales,f__midas_f_67,g__midas_g_6984,s__midas_s_6984,ASV1387
k__Bacteria,p__Chloroflexi,c__Anaerolineae,o__Anaerolineales,f__Anaerolineaceae,g__Ca_Villigracilis,"",ASV1396
k__Bacteria,p__Proteobacteria,c__Gammaproteobacteria,o__Burkholderiales,f__Comamonadaceae,"","",ASV1398
k__Bacteria,p__Cyanobacteria,c__Vampirivibrionia,o__Obscuribacterales,f__Obscuribacteraceae,g__Ca_Obscuribacter,s__midas_s_1393,ASV1406
k__Bacteria,p__Proteobacteria,c__Gammaproteobacteria,o__Competibacterales,f__Competibacteraceae,g__Ca_Competibacter,s__midas_s_1820,ASV1407
k__Bacteria,p__Proteobacteria,c__Gammaproteobacteria,o__Burkholderiales,f__Rhodocyclaceae,g__Ca_Accumulibacter,s__midas_s_2081,ASV1411
k__Bacteria,p__Chloroflexi,c__Anaerolineae,o__Anaerolineales,f__Anaerolineaceae,g__Anaerolinea,s__midas_s_3123,ASV1413
k__Bacteria,p__Proteobacteria,c__Alphaproteobacteria,o__Rhizobiales,f__Hyphomicrobiaceae,g__Hyphomicrobium,"",ASV1417
k__Bacteria,p__Proteobacteria,c__Alphaproteobacteria,o__Sphingomonadales,f__Sphingomonadaceae,g__Novosphingobium,s__midas_s_5967,ASV1429
k__Bacteria,p__Elusimicrobiota,c__Elusimicrobia,o__MVP-88,f__midas_f_595,g__midas_g_595,s__midas_s_595,ASV1430
k__Bacteria,p__Proteobacteria,c__Alphaproteobacteria,o__Rhizobiales,f__Xanthobacteraceae,g__midas_g_2680,"",ASV1448
k__Bacteria,p__Campylobacterota,c__Campylobacteria,o__Campylobacterales,f__Arcobacteraceae,g__Pseudarcobacter,s__midas_s_1440,ASV1456
k__Bacteria,p__Bacteroidota,c__Bacteroidia,o__Chitinophagales,f__midas_f_8836,g__midas_g_8836,s__midas_s_8836,ASV1464
k__Bacteria,p__Patescibacteria,c__Saccharimonadia,o__Saccharimonadales,f__midas_f_4925,g__midas_g_10902,s__midas_s_10902,ASV1470
k__Bacteria,p__Desulfobacterota,c__midas_c_41,o__midas_o_41,f__midas_f_681,g__midas_g_681,s__midas_s_681,ASV1473
k__Bacteria,p__WPS-2,c__midas_c_206,o__midas_o_395,f__midas_f_547,g__midas_g_547,s__midas_s_1718,ASV1480
k__Bacteria,p__Proteobacteria,c__Alphaproteobacteria,o__Sphingomonadales,f__Sphingomonadaceae,g__Novosphingobium,s__midas_s_5684,ASV1482
k__Bacteria,p__Actinobacteriota,c__Acidimicrobiia,o__IMCC26256,f__midas_f_2,g__midas_g_356,s__midas_s_3012,ASV1500
k__Bacteria,p__Proteobacteria,c__Alphaproteobacteria,o__Rhizobiales,f__Hyphomicrobiaceae,g__Pedomicrobium,s__midas_s_1303,ASV1504
k__Bacteria,p__Proteobacteria,c__Alphaproteobacteria,o__Rhizobiales,f__Devosiaceae,"","",ASV1518
k__Bacteria,p__Acidobacteriota,c__Holophagae,o__Subgroup_7,f__midas_f_973,g__midas_g_973,s__midas_s_973,ASV1548
k__Bacteria,p__Chloroflexi,c__Anaerolineae,o__Anaerolineales,f__Anaerolineaceae,g__midas_g_6140,s__midas_s_7406,ASV1556
k__Bacteria,p__Chloroflexi,c__Anaerolineae,o__Ardenticatenales,f__Ca_Promineofilaceae,g__midas_g_1951,s__midas_s_5115,ASV1558
k__Bacteria,p__Proteobacteria,c__Gammaproteobacteria,o__Pseudomonadales,f__Spongiibacteraceae,g__BD1-7_clade,s__midas_s_27,ASV1566
k__Bacteria,p__Proteobacteria,c__Alphaproteobacteria,o__Rhizobiales,f__Xanthobacteraceae,g__Afipia,s__midas_s_1736,ASV1570
k__Bacteria,p__Proteobacteria,c__Alphaproteobacteria,o__Rhizobiales,f__Hyphomicrobiaceae,g__midas_g_1319,s__midas_s_1319,ASV1571
k__Bacteria,p__Chloroflexi,c__OLB14,o__midas_o_731,f__midas_f_731,g__midas_g_731,"",ASV1590
k__Bacteria,p__Bacteroidota,c__Bacteroidia,o__Flavobacteriales,f__Weeksellaceae,g__Cloacibacterium,"",ASV1595
k__Bacteria,p__Bacteroidota,c__Bacteroidia,o__Chitinophagales,f__Saprospiraceae,g__midas_g_424,"",ASV1600
k__Bacteria,p__Patescibacteria,c__Saccharimonadia,o__Saccharimonadales,f__midas_f_67,g__midas_g_2460,s__midas_s_2460,ASV1602
k__Bacteria,p__Patescibacteria,c__Gracilibacteria,o__Absconditabacteriales_SR1,f__midas_f_47778,g__midas_g_51169,s__midas_s_51169,ASV1605
k__Bacteria,p__Proteobacteria,c__Gammaproteobacteria,o__Run-SP154,f__midas_f_27,g__midas_g_70,s__midas_s_1137,ASV1611
k__Bacteria,p__Actinobacteriota,c__Actinobacteria,o__Propionibacteriales,f__Nocardioidaceae,g__Nocardioides,s__midas_s_3459,ASV1645
k__Bacteria,p__Bacteroidota,c__Bacteroidia,o__Chitinophagales,f__Saprospiraceae,g__midas_g_207,"",ASV1646
k__Bacteria,p__Patescibacteria,c__Saccharimonadia,o__Saccharimonadales,f__midas_f_4925,g__midas_g_4925,s__midas_s_4925,ASV1650
k__Bacteria,p__Chloroflexi,c__Anaerolineae,o__Caldilineales,f__Caldilineaceae,g__midas_g_5463,s__midas_s_88381,ASV1654
k__Bacteria,p__Proteobacteria,c__Gammaproteobacteria,o__Burkholderiales,f__Comamonadaceae,"","",ASV1678
k__Bacteria,p__Proteobacteria,c__Alphaproteobacteria,o__Rhizobiales,f__Beijerinckiaceae,g__midas_g_534,s__midas_s_864,ASV1693
k__Bacteria,p__Proteobacteria,c__Gammaproteobacteria,o__Burkholderiales,f__Rhodocyclaceae,g__Azospira,"",ASV1707
k__Bacteria,p__Proteobacteria,c__Alphaproteobacteria,o__Defluviicoccales,f__Defluviicoccaceae,g__Defluviicoccus,s__midas_s_3306,ASV1720
k__Bacteria,p__Proteobacteria,c__Alphaproteobacteria,o__Defluviicoccales,f__Defluviicoccaceae,g__Defluviicoccus,s__midas_s_2464,ASV1726
k__Bacteria,p__Verrucomicrobiota,c__Verrucomicrobiae,o__Opitutales,f__Opitutaceae,g__Lacunisphaera,s__midas_s_2291,ASV1734
k__Bacteria,p__Desulfobacterota,c__midas_c_41,o__midas_o_918,f__midas_f_918,g__midas_g_1441,s__midas_s_1441,ASV1757
k__Bacteria,p__Proteobacteria,c__Gammaproteobacteria,o__Burkholderiales,f__Rhodocyclaceae,g__Ca_Accumulibacter,s__Ca_Accumulibacter_phosphatis,ASV1758
k__Bacteria,p__Proteobacteria,c__Gammaproteobacteria,o__Burkholderiales,f__Burkholderiaceae,g__Limnobacter,s__midas_s_1964,ASV1764
k__Bacteria,p__Proteobacteria,c__Alphaproteobacteria,o__Rhodobacterales,f__Rhodobacteraceae,g__Defluviimonas,s__midas_s_5729,ASV1767
k__Bacteria,p__Desulfobacterota,c__midas_c_41,o__midas_o_918,f__midas_f_918,g__midas_g_2305,s__midas_s_2305,ASV1775
k__Bacteria,p__Patescibacteria,c__Saccharimonadia,o__Saccharimonadales,f__midas_f_4925,g__midas_g_10902,s__midas_s_10902,ASV1780
k__Bacteria,p__Patescibacteria,c__Saccharimonadia,o__Saccharimonadales,f__Saccharimonadaceae,g__TM7a,s__midas_s_12410,ASV1792
k__Bacteria,p__Proteobacteria,c__Alphaproteobacteria,o__Azospirillales,f__midas_f_406,g__Stella,"",ASV1793
k__Bacteria,p__Chloroflexi,c__Anaerolineae,o__SBR1031,f__A4b,g__midas_g_2842,s__midas_s_2842,ASV1794
k__Bacteria,p__Proteobacteria,c__Alphaproteobacteria,o__Rhizobiales,f__Labraceae,g__Labrys,s__midas_s_5193,ASV1810
k__Bacteria,p__Proteobacteria,c__Alphaproteobacteria,o__Sphingomonadales,f__Sphingomonadaceae,g__Novosphingobium,s__midas_s_2004,ASV1820
k__Bacteria,p__Proteobacteria,c__Gammaproteobacteria,o__Burkholderiales,f__Rhodocyclaceae,g__Ca_Accumulibacter,s__midas_s_2081,ASV1832
k__Bacteria,p__Spirochaetota,c__Leptospirae,o__Leptospirales,f__Leptospiraceae,g__midas_g_1448,s__midas_s_1448,ASV1842
k__Bacteria,p__Patescibacteria,c__Saccharimonadia,o__Saccharimonadales,f__midas_f_67,g__midas_g_977,s__midas_s_4698,ASV1844
k__Bacteria,p__Firmicutes,c__Bacilli,o__Lactobacillales,f__Streptococcaceae,g__Streptococcus,"",ASV1846
k__Bacteria,p__Proteobacteria,c__Gammaproteobacteria,o__Burkholderiales,f__Comamonadaceae,g__Hydrogenophaga,"",ASV1855
k__Bacteria,p__Chloroflexi,c__Anaerolineae,o__Caldilineales,f__Caldilineaceae,g__midas_g_2621,s__midas_s_2621,ASV1860
k__Bacteria,p__Chloroflexi,c__Anaerolineae,o__SBR1031,f__A4b,g__midas_g_5525,s__midas_s_5525,ASV1866
k__Bacteria,p__Verrucomicrobiota,c__Kiritimatiellae,o__WCHB1-41,f__midas_f_1187,g__midas_g_1187,s__midas_s_1187,ASV1870
k__Bacteria,p__Actinobacteriota,c__Actinobacteria,o__Micrococcales,f__Beutenbergiaceae,g__midas_g_2342,s__midas_s_2342,ASV1878
k__Bacteria,p__Proteobacteria,c__Gammaproteobacteria,o__Burkholderiales,f__Neisseriaceae,g__Vitreoscilla,s__midas_s_2033,ASV1884
k__Bacteria,p__Actinobacteriota,c__Actinobacteria,o__Corynebacteriales,f__Nocardiaceae,g__Gordonia,s__midas_s_2106,ASV1894
k__Bacteria,p__Firmicutes,c__Bacilli,o__Lactobacillales,f__Streptococcaceae,g__Streptococcus,"",ASV1925
k__Bacteria,p__Bacteroidota,c__Bacteroidia,o__Chitinophagales,f__Saprospiraceae,g__midas_g_142,s__midas_s_142,ASV1927
k__Bacteria,p__Chloroflexi,c__Anaerolineae,o__Caldilineales,f__Caldilineaceae,g__midas_g_1422,s__midas_s_2294,ASV1945
k__Bacteria,p__Bacteroidota,c__Bacteroidia,o__Chitinophagales,f__Saprospiraceae,g__midas_g_111,s__midas_s_111,ASV1947
k__Bacteria,p__Acidobacteriota,c__Vicinamibacteria,o__Vicinamibacterales,f__Vicinamibacteraceae,g__midas_g_433,s__midas_s_2566,ASV1949
k__Bacteria,p__Proteobacteria,c__Alphaproteobacteria,o__Rhizobiales,f__Pleomorphomonadaceae,g__Prosthecomicrobium,s__midas_s_4353,ASV1987
k__Bacteria,p__Patescibacteria,c__Gracilibacteria,o__Absconditabacteriales_SR1,f__midas_f_12243,g__midas_g_44976,s__midas_s_47778,ASV1990
k__Bacteria,p__Patescibacteria,c__Saccharimonadia,o__Saccharimonadales,f__midas_f_10944,g__midas_g_10944,s__midas_s_11762,ASV2014
k__Bacteria,p__Chloroflexi,c__Anaerolineae,o__Caldilineales,f__Caldilineaceae,g__midas_g_5463,"",ASV2022
k__Bacteria,p__Bacteroidota,c__Bacteroidia,o__Sphingobacteriales,f__Lentimicrobiaceae,g__Lentimicrobium,s__midas_s_362,ASV2030
k__Bacteria,p__Proteobacteria,c__Alphaproteobacteria,o__Rhizobiales,f__Beijerinckiaceae,g__midas_g_8915,s__midas_s_9487,ASV2032
k__Bacteria,p__Patescibacteria,c__Saccharimonadia,o__Saccharimonadales,f__midas_f_728,g__midas_g_11441,s__midas_s_20039,ASV2037
k__Bacteria,p__Bacteroidota,c__Ignavibacteria,o__SJA-28,f__midas_f_31,g__midas_g_31,s__midas_s_2152,ASV2051
k__Bacteria,p__Patescibacteria,c__Saccharimonadia,o__Saccharimonadales,f__Saccharimonadaceae,g__TM7a,s__midas_s_11265,ASV2083
k__Bacteria,p__Actinobacteriota,c__Actinobacteria,o__Micrococcales,f__Microbacteriaceae,g__Microbacterium,"",ASV2091
k__Bacteria,p__Proteobacteria,c__Alphaproteobacteria,o__Rhizobiales,f__Hyphomicrobiaceae,g__Pedomicrobium,s__midas_s_2953,ASV2105
k__Bacteria,p__Patescibacteria,c__Saccharimonadia,o__Saccharimonadales,f__midas_f_4774,g__midas_g_4774,s__midas_s_4774,ASV2122
k__Bacteria,p__Myxococcota,c__Polyangia,o__Nannocystales,f__Nannocystaceae,g__Nannocystis,s__midas_s_938,ASV2129
k__Bacteria,p__Bacteroidota,c__Bacteroidia,o__Chitinophagales,f__Saprospiraceae,g__OLB8,s__midas_s_2320,ASV2144
k__Bacteria,p__Patescibacteria,c__Saccharimonadia,o__Saccharimonadales,f__midas_f_67,g__midas_g_8983,s__midas_s_8983,ASV2146
k__Bacteria,p__Proteobacteria,c__Alphaproteobacteria,o__Caulobacterales,f__Caulobacteraceae,g__Caulobacter,s__Caulobacter_profundus,ASV2149
k__Bacteria,p__Patescibacteria,c__Saccharimonadia,o__Saccharimonadales,"","","",ASV2171
k__Bacteria,p__Desulfobacterota,c__midas_c_41,o__midas_o_918,f__midas_f_918,g__midas_g_4686,s__midas_s_4686,ASV2173
k__Bacteria,p__Firmicutes,c__Clostridia,o__Lachnospirales,f__Lachnospiraceae,g__Blautia,"",ASV2178
k__Bacteria,p__Proteobacteria,c__Alphaproteobacteria,o__Rhizobiales,f__Xanthobacteraceae,"","",ASV2201
k__Bacteria,p__Proteobacteria,c__Gammaproteobacteria,o__Burkholderiales,f__Rhodocyclaceae,g__Ca_Accumulibacter,"",ASV2216
k__Bacteria,p__Proteobacteria,c__Gammaproteobacteria,o__Burkholderiales,f__Neisseriaceae,g__Vitreoscilla,"",ASV2228
k__Bacteria,p__Firmicutes,c__Bacilli,o__Izemoplasmatales,f__midas_f_16343,g__midas_g_33659,s__midas_s_33659,ASV2230
k__Bacteria,p__Proteobacteria,c__Alphaproteobacteria,o__Sphingomonadales,f__Sphingomonadaceae,g__Novosphingobium,s__midas_s_14396,ASV2260
k__Bacteria,p__Proteobacteria,c__Gammaproteobacteria,o__Burkholderiales,f__Comamonadaceae,g__Acidovorax,"",ASV2262
k__Bacteria,p__Firmicutes,c__Clostridia,o__Peptostreptococcales-Tissierellales,f__Peptostreptococcaceae,g__Romboutsia,s__Romboutsia_ilealis,ASV2271
k__Bacteria,p__Bacteroidota,c__Bacteroidia,o__Chitinophagales,f__Saprospiraceae,g__midas_g_729,s__midas_s_729,ASV2294
k__Bacteria,p__Chloroflexi,c__KD4-96,o__midas_o_3277,f__midas_f_3277,g__midas_g_3604,s__midas_s_3604,ASV2319
k__Bacteria,p__Desulfobacterota,c__Desulfuromonadia,o__PB19,f__midas_f_2377,g__midas_g_2377,s__midas_s_2377,ASV2338
k__Bacteria,p__Proteobacteria,c__Gammaproteobacteria,o__Xanthomonadales,f__Rhodanobacteraceae,g__midas_g_2835,"",ASV2346
k__Bacteria,p__Patescibacteria,c__Saccharimonadia,o__Saccharimonadales,f__midas_f_728,g__midas_g_4156,s__midas_s_4156,ASV2398
k__Bacteria,p__Bacteroidota,c__Bacteroidia,o__Chitinophagales,f__Saprospiraceae,g__midas_g_207,s__midas_s_207,ASV2438
k__Bacteria,p__Proteobacteria,c__Alphaproteobacteria,o__Rhizobiales,f__Pleomorphomonadaceae,g__Prosthecomicrobium,s__Prosthecomicrobium_hirschii,ASV2471
k__Bacteria,p__Proteobacteria,c__Alphaproteobacteria,o__Rhizobiales,f__Labraceae,g__Labrys,s__midas_s_3786,ASV2492
k__Bacteria,p__Proteobacteria,c__Alphaproteobacteria,o__Azospirillales,f__midas_f_406,g__midas_g_2759,s__midas_s_2759,ASV2495
k__Bacteria,p__Proteobacteria,c__Alphaproteobacteria,o__Rhodobacterales,f__Rhodobacteraceae,g__midas_g_5601,"",ASV2539
k__Bacteria,p__Desulfobacterota,c__Desulfobulbia,o__Desulfobulbales,f__Desulfocapsaceae,g__midas_g_17497,s__midas_s_17497,ASV2588
k__Bacteria,p__Patescibacteria,c__Saccharimonadia,o__Saccharimonadales,f__midas_f_67,g__midas_g_8983,s__midas_s_8983,ASV2620
k__Bacteria,p__Proteobacteria,c__Gammaproteobacteria,o__Burkholderiales,f__Rhodocyclaceae,g__Dechloromonas,s__midas_s_10989,ASV2628
k__Bacteria,p__Proteobacteria,c__Gammaproteobacteria,o__Competibacterales,f__Competibacteraceae,g__Ca_Competibacter,"",ASV2654
k__Bacteria,p__Chloroflexi,c__OLB14,o__midas_o_731,f__midas_f_731,g__midas_g_1412,s__midas_s_8871,ASV2657
k__Bacteria,p__Proteobacteria,c__Gammaproteobacteria,o__Burkholderiales,f__SC-I-84,"","",ASV2682
k__Bacteria,p__Patescibacteria,c__WWE3,o__midas_o_11333,f__midas_f_11333,g__midas_g_27102,s__midas_s_27102,ASV2699
k__Bacteria,p__Planctomycetota,c__Planctomycetes,o__Pirellulales,f__Pirellulaceae,g__Pirellula,s__midas_s_7864,ASV2721
k__Bacteria,p__Proteobacteria,c__Gammaproteobacteria,o__Burkholderiales,f__Comamonadaceae,g__Ramlibacter,"",ASV2732
k__Bacteria,p__Myxococcota,c__Polyangia,o__Haliangiales,f__Haliangiaceae,g__Haliangium,s__midas_s_2310,ASV2757
k__Bacteria,p__Acidobacteriota,c__Thermoanaerobaculia,o__Thermoanaerobaculales,f__Thermoanaerobaculaceae,g__Subgroup_10,s__midas_s_4868,ASV2765
k__Bacteria,p__Patescibacteria,c__Saccharimonadia,o__Saccharimonadales,f__midas_f_4925,g__midas_g_10902,s__midas_s_10902,ASV2782
k__Bacteria,p__Proteobacteria,c__Alphaproteobacteria,o__Sphingomonadales,f__Sphingomonadaceae,g__Novosphingobium,s__midas_s_244,ASV2802
k__Bacteria,p__Proteobacteria,c__Alphaproteobacteria,o__Rhodobacterales,f__Rhodobacteraceae,"","",ASV2863
k__Bacteria,p__Acidobacteriota,c__Vicinamibacteria,o__Vicinamibacterales,f__midas_f_352,g__midas_g_2780,s__midas_s_2780,ASV2864
k__Bacteria,p__Proteobacteria,c__Alphaproteobacteria,o__Sphingomonadales,f__Sphingomonadaceae,g__Novosphingobium,s__midas_s_5216,ASV2879
k__Bacteria,p__Acidobacteriota,c__Holophagae,o__Subgroup_7,f__midas_f_973,g__midas_g_2710,s__midas_s_2710,ASV2888
k__Bacteria,p__Actinobacteriota,c__Actinobacteria,o__Propionibacteriales,f__Propionibacteriaceae,g__Propioniciclava,s__midas_s_22998,ASV2951
k__Bacteria,p__Bdellovibrionota,c__Bdellovibrionia,o__Bdellovibrionales,f__Bdellovibrionaceae,g__OM27_clade,s__midas_s_6460,ASV2959
k__Bacteria,p__Patescibacteria,c__Saccharimonadia,o__Saccharimonadales,f__midas_f_10944,g__midas_g_20412,s__midas_s_44103,ASV2967
k__Bacteria,p__Proteobacteria,c__Alphaproteobacteria,o__Rhodobacterales,f__Rhodobacteraceae,g__midas_g_57,"",ASV2968
k__Bacteria,p__Campylobacterota,c__Campylobacteria,o__Campylobacterales,f__Arcobacteraceae,g__Arcobacter,s__midas_s_2255,ASV3015
k__Bacteria,p__Proteobacteria,c__Alphaproteobacteria,o__Rhodospirillales,f__midas_f_2010,g__midas_g_3943,s__midas_s_3943,ASV3024
k__Bacteria,p__Patescibacteria,c__ABY1,o__Ca_Falkowbacteria,f__midas_f_5033,g__midas_g_13219,s__midas_s_17217,ASV3040
k__Bacteria,p__Patescibacteria,c__ABY1,o__Ca_Komeilibacteria,f__midas_f_14646,g__midas_g_17034,s__midas_s_17034,ASV3049
k__Bacteria,p__Patescibacteria,c__Saccharimonadia,o__Saccharimonadales,f__midas_f_5391,g__midas_g_5391,s__midas_s_6496,ASV3080
k__Bacteria,p__Firmicutes,c__Bacilli,o__Lactobacillales,f__Streptococcaceae,g__Streptococcus,s__midas_s_2479,ASV3177
k__Bacteria,p__Proteobacteria,c__Alphaproteobacteria,o__Micavibrionales,f__midas_f_2019,g__midas_g_2019,s__midas_s_2019,ASV3191
k__Bacteria,p__Proteobacteria,c__Alphaproteobacteria,o__Rhizobiales,f__Hyphomicrobiaceae,g__Pedomicrobium,s__midas_s_6050,ASV3215
k__Bacteria,p__Patescibacteria,c__Saccharimonadia,o__Saccharimonadales,f__midas_f_5391,g__midas_g_6328,s__midas_s_6328,ASV3241
k__Bacteria,p__Chloroflexi,c__Anaerolineae,o__Caldilineales,f__Caldilineaceae,g__midas_g_1965,s__midas_s_4565,ASV3244
k__Bacteria,p__Proteobacteria,c__Alphaproteobacteria,o__Sphingomonadales,f__Sphingomonadaceae,g__Novosphingobium,s__midas_s_1425,ASV3320
k__Bacteria,p__Bacteroidota,c__Bacteroidia,o__Bacteroidales,f__Prevotellaceae,g__Prevotella,s__midas_s_2627,ASV3330
k__Bacteria,p__Bacteroidota,c__Ignavibacteria,o__Ignavibacteriales,f__Melioribacteraceae,g__IheB3-7,s__midas_s_1841,ASV3333
k__Bacteria,p__Bacteroidota,c__Bacteroidia,o__Sphingobacteriales,f__AKYH767,g__midas_g_2126,s__midas_s_9620,ASV3416
k__Bacteria,p__Proteobacteria,c__Gammaproteobacteria,o__Burkholderiales,f__Comamonadaceae,g__Sphaerotilus,s__Sphaerotilus_natans,ASV3442
k__Bacteria,p__Dependentiae,c__Babeliae,o__Babeliales,f__Vermiphilaceae,g__midas_g_5150,s__midas_s_5150,ASV3445
k__Bacteria,p__Proteobacteria,c__Alphaproteobacteria,o__Rhodobacterales,f__Rhodobacteraceae,g__Pseudorhodobacter,s__midas_s_9203,ASV3500
k__Bacteria,p__Proteobacteria,c__Alphaproteobacteria,o__Rhizobiales,f__A0839,g__midas_g_694,"",ASV3535
k__Bacteria,p__Proteobacteria,c__Gammaproteobacteria,o__Competibacterales,f__Competibacteraceae,g__Ca_Competibacter,s__midas_s_3219,ASV3580
k__Bacteria,p__Patescibacteria,c__Saccharimonadia,o__Saccharimonadales,f__midas_f_12351,g__midas_g_22045,s__midas_s_22045,ASV3603
k__Bacteria,p__Patescibacteria,c__Saccharimonadia,o__Saccharimonadales,f__midas_f_67,g__midas_g_15615,s__midas_s_15615,ASV3612
k__Bacteria,p__Patescibacteria,c__Saccharimonadia,o__Saccharimonadales,f__midas_f_10944,g__midas_g_10944,s__midas_s_14631,ASV3653
k__Bacteria,p__Actinobacteriota,c__Acidimicrobiia,o__IMCC26256,f__midas_f_641,g__midas_g_1268,s__midas_s_24212,ASV3782
k__Bacteria,p__Firmicutes,c__midas_c_4,o__DTU014,f__midas_f_4306,g__midas_g_4306,s__midas_s_7897,ASV3802
k__Bacteria,p__Chloroflexi,c__Anaerolineae,o__C10-SB1A,f__Amarolineaceae,g__Ca_Sarcinithrix,s__midas_s_9801,ASV3831
k__Bacteria,p__Proteobacteria,c__Alphaproteobacteria,o__Rhizobiales,f__Xanthobacteraceae,g__midas_g_2680,s__midas_s_2680,ASV3949
k__Bacteria,p__Patescibacteria,c__Saccharimonadia,o__Saccharimonadales,f__midas_f_67,g__midas_g_8983,s__midas_s_14098,ASV3981
k__Bacteria,p__Patescibacteria,c__Saccharimonadia,o__Saccharimonadales,f__midas_f_3760,g__midas_g_11862,s__midas_s_11862,ASV4012
k__Bacteria,p__Patescibacteria,c__Saccharimonadia,o__Saccharimonadales,f__midas_f_67,"","",ASV4043
k__Bacteria,p__Patescibacteria,c__Saccharimonadia,o__Saccharimonadales,"","","",ASV4070
k__Bacteria,p__Patescibacteria,c__Saccharimonadia,o__Saccharimonadales,f__midas_f_5324,g__midas_g_11340,s__midas_s_11340,ASV4093
k__Bacteria,p__Actinobacteriota,c__Actinobacteria,o__midas_o_5,f__midas_f_5,g__midas_g_5116,s__midas_s_9077,ASV4158
k__Bacteria,p__Chloroflexi,c__Anaerolineae,o__C10-SB1A,f__Amarolineaceae,g__midas_g_667,s__midas_s_3129,ASV4189
k__Bacteria,p__Proteobacteria,c__Alphaproteobacteria,o__Micavibrionales,f__midas_f_2019,g__midas_g_7950,s__midas_s_35483,ASV4241
k__Bacteria,p__Proteobacteria,c__Alphaproteobacteria,o__Sphingomonadales,f__Sphingomonadaceae,g__Novosphingobium,"",ASV4285
k__Bacteria,p__Bacteroidota,c__Ignavibacteria,o__Ignavibacteriales,f__PHOS-HE36,g__midas_g_179,s__midas_s_179,ASV4457
k__Bacteria,p__Patescibacteria,c__Saccharimonadia,o__Saccharimonadales,f__midas_f_67,g__midas_g_8983,s__midas_s_14098,ASV4531
k__Bacteria,p__Proteobacteria,c__Alphaproteobacteria,o__Rhizobiales,f__Pleomorphomonadaceae,g__Prosthecomicrobium,s__midas_s_4353,ASV4893
k__Bacteria,p__Proteobacteria,c__Alphaproteobacteria,o__Rhizobiales,f__Devosiaceae,g__Devosia,s__midas_s_6650,ASV4927
k__Bacteria,p__Proteobacteria,c__Alphaproteobacteria,o__Sphingomonadales,f__Sphingomonadaceae,g__Novosphingobium,s__midas_s_3199,ASV5060
k__Bacteria,p__Proteobacteria,c__Alphaproteobacteria,o__Rhodobacterales,f__Rhodobacteraceae,g__Gemmobacter,"",ASV5159
k__Bacteria,p__Actinobacteriota,c__Actinobacteria,o__Micrococcales,f__Dermatophilaceae,g__Piscicoccus,s__midas_s_89175,ASV5363
k__Bacteria,p__Proteobacteria,c__Alphaproteobacteria,o__Rhizobiales,f__Xanthobacteraceae,g__Pseudolabrys,s__midas_s_8991,ASV5376
k__Bacteria,p__Actinobacteriota,c__Acidimicrobiia,o__Microtrichales,f__Ilumatobacteraceae,g__midas_g_462,s__midas_s_462,ASV5484
k__Bacteria,p__Desulfobacterota,c__midas_c_41,o__midas_o_918,f__midas_f_918,g__midas_g_26458,s__midas_s_53447,ASV5548
k__Bacteria,p__Proteobacteria,c__Alphaproteobacteria,o__Rhizobiales,f__Xanthobacteraceae,g__Pseudolabrys,s__midas_s_8991,ASV5559
k__Bacteria,p__Proteobacteria,c__Alphaproteobacteria,o__Rhizobiales,f__Hyphomicrobiaceae,g__Pedomicrobium,s__midas_s_4403,ASV5621
k__Bacteria,p__Proteobacteria,c__Alphaproteobacteria,o__Sphingomonadales,f__Sphingomonadaceae,g__Novosphingobium,"",ASV5634
k__Bacteria,p__Proteobacteria,c__Gammaproteobacteria,o__Competibacterales,f__Competibacteraceae,g__Ca_Competibacter,s__midas_s_2980,ASV5751
k__Bacteria,p__Proteobacteria,c__Alphaproteobacteria,o__Rhizobiales,f__Pleomorphomonadaceae,g__Prosthecomicrobium,s__midas_s_4353,ASV6009
k__Bacteria,p__Patescibacteria,c__Saccharimonadia,o__Saccharimonadales,f__midas_f_10676,g__midas_g_12380,s__midas_s_12380,ASV6029
k__Bacteria,p__Proteobacteria,c__Alphaproteobacteria,o__Rhodobacterales,f__Rhodobacteraceae,g__Rubellimicrobium,s__midas_s_22168,ASV6242
k__Bacteria,p__Patescibacteria,c__Saccharimonadia,o__Saccharimonadales,f__midas_f_10676,g__midas_g_15609,s__midas_s_15609,ASV6296
k__Bacteria,p__Proteobacteria,c__Alphaproteobacteria,o__Sphingomonadales,f__Sphingomonadaceae,g__Altererythrobacter,"",ASV6399
k__Bacteria,p__Proteobacteria,c__Gammaproteobacteria,o__Burkholderiales,f__Rhodocyclaceae,"","",ASV6470
k__Bacteria,p__Proteobacteria,c__Alphaproteobacteria,o__midas_o_24,f__midas_f_107,g__midas_g_32584,s__midas_s_32584,ASV6709
k__Bacteria,p__Patescibacteria,c__Saccharimonadia,o__Saccharimonadales,f__midas_f_5391,g__midas_g_6328,"",ASV6896
k__Bacteria,p__Proteobacteria,c__Gammaproteobacteria,o__Burkholderiales,f__Rhodocyclaceae,g__Ca_Accumulibacter,s__midas_s_23807,ASV6919
k__Bacteria,p__Actinobacteriota,c__Actinobacteria,o__Propionibacteriales,f__Propionibacteriaceae,g__Aestuariimicrobium,s__midas_s_8319,ASV7124
k__Bacteria,p__Proteobacteria,c__Gammaproteobacteria,o__Xanthomonadales,f__Rhodanobacteraceae,g__Ahniella,s__midas_s_4069,ASV7235
k__Bacteria,p__Patescibacteria,c__Saccharimonadia,o__Saccharimonadales,f__Saccharimonadaceae,g__TM7a,"",ASV7250
k__Bacteria,p__Proteobacteria,c__Gammaproteobacteria,o__Burkholderiales,f__Comamonadaceae,g__Diaphorobacter,s__midas_s_25086,ASV7251
k__Bacteria,p__midas_p_86028,c__midas_c_86028,o__midas_o_86028,f__midas_f_86028,g__midas_g_86028,s__midas_s_86028,ASV7642
k__Bacteria,p__Actinobacteriota,c__Actinobacteria,o__Corynebacteriales,"","","",ASV7664
k__Bacteria,p__Firmicutes,c__Negativicutes,o__Veillonellales-Selenomonadales,f__midas_f_29812,g__midas_g_29812,s__midas_s_29812,ASV7678
k__Bacteria,p__Myxococcota,c__Polyangia,o__Blfdi19,f__midas_f_4883,g__midas_g_17004,s__midas_s_25451,ASV7697
k__Bacteria,p__Planctomycetota,c__Phycisphaerae,o__Phycisphaerales,f__Phycisphaeraceae,g__SM1A02,s__midas_s_5197,ASV8205
k__Bacteria,p__Proteobacteria,c__Alphaproteobacteria,o__Rhodobacterales,f__Rhodobacteraceae,g__Gemmobacter,"",ASV8253
k__Bacteria,p__Chloroflexi,c__KD4-96,o__midas_o_3277,f__midas_f_3277,g__midas_g_3604,s__midas_s_5764,ASV8316
k__Bacteria,p__Firmicutes,c__Clostridia,o__Oscillospirales,f__UCG-010,g__midas_g_74766,s__midas_s_74766,ASV8550
k__Bacteria,p__Firmicutes,c__Clostridia,o__Lachnospirales,f__Lachnospiraceae,g__Lachnospiraceae_NK4A136_group,s__midas_s_53637,ASV8686
k__Bacteria,p__Firmicutes,c__Clostridia,o__Oscillospirales,f__Ruminococcaceae,g__Faecalibacterium,"",ASV8784
k__Bacteria,p__Patescibacteria,c__Saccharimonadia,o__Saccharimonadales,f__midas_f_728,g__midas_g_8176,s__midas_s_8176,ASV8830
k__Bacteria,p__Chloroflexi,c__Anaerolineae,o__midas_o_1,f__midas_f_813,g__midas_g_824,s__midas_s_42653,ASV9604
k__Bacteria,p__Proteobacteria,c__Gammaproteobacteria,o__Burkholderiales,f__Rhodocyclaceae,g__Dechloromonas,s__Dechloromonas_hortensis,ASV9608
k__Bacteria,p__Firmicutes,c__Clostridia,o__Clostridiales,f__Clostridiaceae,g__Clostridium_sensu_stricto_12,s__midas_s_3521,ASV9694
k__Bacteria,p__Chloroflexi,c__Anaerolineae,o__C10-SB1A,f__Amarolineaceae,g__midas_g_2527,s__midas_s_12331,ASV10158
k__Bacteria,p__Firmicutes,c__Clostridia,o__Oscillospirales,f__Ruminococcaceae,g__Faecalibacterium,s__midas_s_50946,ASV10353
k__Bacteria,p__Chloroflexi,c__Anaerolineae,o__Caldilineales,f__Caldilineaceae,g__midas_g_1965,s__midas_s_4565,ASV10420
k__Bacteria,p__Proteobacteria,c__Alphaproteobacteria,o__Caulobacterales,f__Caulobacteraceae,g__Brevundimonas,"",ASV18822
k__Bacteria,p__Bacteroidota,c__Bacteroidia,o__Bacteroidales,f__Rikenellaceae,g__U29-B03,s__midas_s_76311,ASV20248
k__Bacteria,p__Proteobacteria,c__Alphaproteobacteria,o__Rhodobacterales,f__Rhodobacteraceae,g__Haematobacter,"",ASV22799
k__Bacteria,p__Patescibacteria,c__Saccharimonadia,o__Saccharimonadales,f__midas_f_728,g__midas_g_44450,"",ASV23882
k__Bacteria,p__Chloroflexi,c__Anaerolineae,o__SBR1031,f__A4b,"","",ASV25989
k__Bacteria,"","","","","","",ASV28850
k__Bacteria,p__Chloroflexi,c__Anaerolineae,o__C10-SB1A,f__Amarolineaceae,g__Ca_Amarolinea,s__midas_s_1,ASV33863
k__Bacteria,p__Proteobacteria,c__Alphaproteobacteria,"","","","",ASV36502
k__Bacteria,p__Proteobacteria,c__Gammaproteobacteria,o__Burkholderiales,f__Comamonadaceae,g__Rhodoferax,"",ASV105600
k__Bacteria,p__Proteobacteria,c__Alphaproteobacteria,o__Rhizobiales,f__Beijerinckiaceae,g__midas_g_534,s__midas_s_864,ASV105966
k__Bacteria,p__Actinobacteriota,c__Actinobacteria,o__Micrococcales,f__Intrasporangiaceae,g__Tetrasphaera,s__midas_s_544,ASV107074
k__Bacteria,p__Firmicutes,c__Bacilli,o__Lactobacillales,f__Carnobacteriaceae,g__Trichococcus,s__midas_s_4,ASV138035
k__Bacteria,p__Bacteroidota,c__Bacteroidia,o__Bacteroidales,f__Prevotellaceae,g__Paraprevotella,s__Paraprevotella_clara,ASV141927
k__Bacteria,p__Patescibacteria,c__Berkelbacteria,o__midas_o_5245,f__midas_f_5245,"","",ASV142594
k__Bacteria,p__Actinobacteriota,c__Actinobacteria,o__Micrococcales,f__Intrasporangiaceae,g__Tetrasphaera,"",newASV1
