OTU,Kingdom,Phylum,Class,Order,Family,Genus,Species
genus1,k__Archaea,p__Euryarchaeota,c__Methanobacteria,o__Methanobacteriales,f__Methanobacteriaceae,g__,s__
genus2,k__Archaea,p__Euryarchaeota,c__Methanobacteria,o__Methanobacteriales,f__Methanobacteriaceae,g__Methanobrevibacter,s__
genus3,k__Bacteria,p__Acidobacteria,c__Solibacteres,o__Solibacterales,f__Solibacteraceae,g__Candidatus Solibacter,s__
genus4,k__Bacteria,p__Actinobacteria,c__,o__,f__,g__,s__
genus5,k__Bacteria,p__Actinobacteria,c__Actinobacteria (class),o__Actinomycetales,f__,g__,s__
genus6,k__Bacteria,p__Actinobacteria,c__Actinobacteria (class),o__Actinomycetales,f__Actinomycetaceae,g__,s__
genus7,k__Bacteria,p__Actinobacteria,c__Actinobacteria (class),o__Actinomycetales,f__Actinomycetaceae,g__Actinobaculum,s__
genus8,k__Bacteria,p__Actinobacteria,c__Actinobacteria (class),o__Actinomycetales,f__Actinomycetaceae,g__Actinomyces,s__
genus9,k__Bacteria,p__Actinobacteria,c__Actinobacteria (class),o__Actinomycetales,f__Actinomycetaceae,g__Arcanobacterium,s__
genus10,k__Bacteria,p__Actinobacteria,c__Actinobacteria (class),o__Actinomycetales,f__Actinomycetaceae,g__Mobiluncus,s__
genus11,k__Bacteria,p__Actinobacteria,c__Actinobacteria (class),o__Actinomycetales,f__Actinomycetaceae,g__Varibaculum,s__
genus12,k__Bacteria,p__Actinobacteria,c__Actinobacteria (class),o__Actinomycetales,f__Brevibacteriaceae,g__Brevibacterium,s__
genus13,k__Bacteria,p__Actinobacteria,c__Actinobacteria (class),o__Actinomycetales,f__Cellulomonadaceae,g__Demequina,s__
genus14,k__Bacteria,p__Actinobacteria,c__Actinobacteria (class),o__Actinomycetales,f__Cellulomonadaceae,g__Oerskovia,s__
genus15,k__Bacteria,p__Actinobacteria,c__Actinobacteria (class),o__Actinomycetales,f__Corynebacteriaceae,g__,s__
genus16,k__Bacteria,p__Actinobacteria,c__Actinobacteria (class),o__Actinomycetales,f__Corynebacteriaceae,g__Corynebacterium,s__
genus17,k__Bacteria,p__Actinobacteria,c__Actinobacteria (class),o__Actinomycetales,f__Dermabacteraceae,g__,s__
genus18,k__Bacteria,p__Actinobacteria,c__Actinobacteria (class),o__Actinomycetales,f__Dermabacteraceae,g__Brachybacterium,s__
genus19,k__Bacteria,p__Actinobacteria,c__Actinobacteria (class),o__Actinomycetales,f__Dermabacteraceae,g__Dermabacter,s__
genus20,k__Bacteria,p__Actinobacteria,c__Actinobacteria (class),o__Actinomycetales,f__Dietziaceae,g__Dietzia,s__
genus21,k__Bacteria,p__Actinobacteria,c__Actinobacteria (class),o__Actinomycetales,f__Geodermatophilaceae,g__Blastococcus,s__
genus22,k__Bacteria,p__Actinobacteria,c__Actinobacteria (class),o__Actinomycetales,f__Gordoniaceae,g__Gordonia,s__
genus23,k__Bacteria,p__Actinobacteria,c__Actinobacteria (class),o__Actinomycetales,f__Intrasporangiaceae,g__,s__
genus24,k__Bacteria,p__Actinobacteria,c__Actinobacteria (class),o__Actinomycetales,f__Intrasporangiaceae,g__Serinicoccus,s__
genus25,k__Bacteria,p__Actinobacteria,c__Actinobacteria (class),o__Actinomycetales,f__Microbacteriaceae,g__,s__
genus26,k__Bacteria,p__Actinobacteria,c__Actinobacteria (class),o__Actinomycetales,f__Microbacteriaceae,g__Agromyces,s__
genus27,k__Bacteria,p__Actinobacteria,c__Actinobacteria (class),o__Actinomycetales,f__Microbacteriaceae,g__Curtobacterium,s__
genus28,k__Bacteria,p__Actinobacteria,c__Actinobacteria (class),o__Actinomycetales,f__Microbacteriaceae,g__Microcella,s__
genus29,k__Bacteria,p__Actinobacteria,c__Actinobacteria (class),o__Actinomycetales,f__Microbacteriaceae,g__Mycetocola,s__
genus30,k__Bacteria,p__Actinobacteria,c__Actinobacteria (class),o__Actinomycetales,f__Microbacteriaceae,g__Okibacterium,s__
genus31,k__Bacteria,p__Actinobacteria,c__Actinobacteria (class),o__Actinomycetales,f__Microbacteriaceae,g__Pseudoclavibacter,s__
genus32,k__Bacteria,p__Actinobacteria,c__Actinobacteria (class),o__Actinomycetales,f__Micrococcaceae,g__,s__
genus33,k__Bacteria,p__Actinobacteria,c__Actinobacteria (class),o__Actinomycetales,f__Micrococcaceae,g__Arthrobacter,s__
genus34,k__Bacteria,p__Actinobacteria,c__Actinobacteria (class),o__Actinomycetales,f__Micrococcaceae,g__Kocuria,s__
genus35,k__Bacteria,p__Actinobacteria,c__Actinobacteria (class),o__Actinomycetales,f__Micrococcaceae,g__Renibacterium,s__
genus36,k__Bacteria,p__Actinobacteria,c__Actinobacteria (class),o__Actinomycetales,f__Micrococcaceae,g__Rothia,s__
genus37,k__Bacteria,p__Actinobacteria,c__Actinobacteria (class),o__Actinomycetales,f__Mycobacteriaceae,g__Mycobacterium,s__
genus38,k__Bacteria,p__Actinobacteria,c__Actinobacteria (class),o__Actinomycetales,f__Nocardiaceae,g__Nocardia,s__
genus39,k__Bacteria,p__Actinobacteria,c__Actinobacteria (class),o__Actinomycetales,f__Nocardiaceae,g__Rhodococcus,s__
genus40,k__Bacteria,p__Actinobacteria,c__Actinobacteria (class),o__Actinomycetales,f__Nocardioidaceae,g__Marmoricola,s__
genus41,k__Bacteria,p__Actinobacteria,c__Actinobacteria (class),o__Actinomycetales,f__Propionibacteriaceae,g__Propionibacterium,s__
genus42,k__Bacteria,p__Actinobacteria,c__Actinobacteria (class),o__Actinomycetales,f__Pseudonocardiaceae,g__Pseudonocardia,s__
genus43,k__Bacteria,p__Actinobacteria,c__Actinobacteria (class),o__Actinomycetales,f__Streptomycetaceae,g__Streptomyces,s__
genus44,k__Bacteria,p__Actinobacteria,c__Actinobacteria (class),o__Bifidobacteriales,f__,g__,s__
genus45,k__Bacteria,p__Actinobacteria,c__Actinobacteria (class),o__Bifidobacteriales,f__Bifidobacteriaceae,g__Alloscardovia,s__
genus46,k__Bacteria,p__Actinobacteria,c__Actinobacteria (class),o__Bifidobacteriales,f__Bifidobacteriaceae,g__Bifidobacterium,s__
genus47,k__Bacteria,p__Actinobacteria,c__Actinobacteria (class),o__Bifidobacteriales,f__Bifidobacteriaceae,g__Gardnerella,s__
genus48,k__Bacteria,p__Actinobacteria,c__Actinobacteria (class),o__Bifidobacteriales,f__Bifidobacteriaceae,g__Scardovia,s__
genus49,k__Bacteria,p__Actinobacteria,c__Actinobacteria (class),o__Coriobacteriales,f__,g__,s__
genus50,k__Bacteria,p__Actinobacteria,c__Actinobacteria (class),o__Coriobacteriales,f__Coriobacteriaceae,g__,s__
genus51,k__Bacteria,p__Actinobacteria,c__Actinobacteria (class),o__Coriobacteriales,f__Coriobacteriaceae,g__Adlercreutzia,s__
genus52,k__Bacteria,p__Actinobacteria,c__Actinobacteria (class),o__Coriobacteriales,f__Coriobacteriaceae,g__Atopobium,s__
genus53,k__Bacteria,p__Actinobacteria,c__Actinobacteria (class),o__Coriobacteriales,f__Coriobacteriaceae,g__Collinsella,s__
genus54,k__Bacteria,p__Actinobacteria,c__Actinobacteria (class),o__Coriobacteriales,f__Coriobacteriaceae,g__Eggerthella,s__
genus55,k__Bacteria,p__Actinobacteria,c__Actinobacteria (class),o__Coriobacteriales,f__Coriobacteriaceae,g__Slackia,s__
genus56,k__Bacteria,p__Actinobacteria,c__Actinobacteria (class),o__Solirubrobacterales,f__,g__,s__
genus57,k__Bacteria,p__Bacteroidetes,c__Bacteroidia,o__Bacteroidales,f__,g__,s__
genus58,k__Bacteria,p__Bacteroidetes,c__Bacteroidia,o__Bacteroidales,f__,g__Candidatus Azobacteroides,s__
genus59,k__Bacteria,p__Bacteroidetes,c__Bacteroidia,o__Bacteroidales,f__Bacteroidaceae,g__Bacteroides,s__
genus60,k__Bacteria,p__Bacteroidetes,c__Bacteroidia,o__Bacteroidales,f__Porphyromonadaceae,g__,s__
genus61,k__Bacteria,p__Bacteroidetes,c__Bacteroidia,o__Bacteroidales,f__Porphyromonadaceae,g__Dysgonomonas,s__
genus62,k__Bacteria,p__Bacteroidetes,c__Bacteroidia,o__Bacteroidales,f__Porphyromonadaceae,g__Odoribacter,s__
genus63,k__Bacteria,p__Bacteroidetes,c__Bacteroidia,o__Bacteroidales,f__Porphyromonadaceae,g__Paludibacter,s__
genus64,k__Bacteria,p__Bacteroidetes,c__Bacteroidia,o__Bacteroidales,f__Porphyromonadaceae,g__Parabacteroides,s__
genus65,k__Bacteria,p__Bacteroidetes,c__Bacteroidia,o__Bacteroidales,f__Porphyromonadaceae,g__Porphyromonas,s__
genus66,k__Bacteria,p__Bacteroidetes,c__Bacteroidia,o__Bacteroidales,f__Porphyromonadaceae,g__Tannerella,s__
genus67,k__Bacteria,p__Bacteroidetes,c__Bacteroidia,o__Bacteroidales,f__Prevotellaceae,g__,s__
genus68,k__Bacteria,p__Bacteroidetes,c__Bacteroidia,o__Bacteroidales,f__Prevotellaceae,g__Prevotella,s__
genus69,k__Bacteria,p__Bacteroidetes,c__Bacteroidia,o__Bacteroidales,f__Rikenellaceae,g__,s__
genus70,k__Bacteria,p__Bacteroidetes,c__Bacteroidia,o__Bacteroidales,f__Rikenellaceae,g__Alistipes,s__
genus71,k__Bacteria,p__Bacteroidetes,c__Flavobacteria,o__Flavobacteriales,f__Flavobacteriaceae,g__,s__
genus72,k__Bacteria,p__Bacteroidetes,c__Flavobacteria,o__Flavobacteriales,f__Flavobacteriaceae,g__Capnocytophaga,s__
genus73,k__Bacteria,p__Bacteroidetes,c__Flavobacteria,o__Flavobacteriales,f__Flavobacteriaceae,g__Chryseobacterium,s__
genus74,k__Bacteria,p__Bacteroidetes,c__Flavobacteria,o__Flavobacteriales,f__Flavobacteriaceae,g__Flavobacterium,s__
genus75,k__Bacteria,p__Bacteroidetes,c__Flavobacteria,o__Flavobacteriales,f__Flavobacteriaceae,g__Myroides,s__
genus76,k__Bacteria,p__Bacteroidetes,c__Flavobacteria,o__Flavobacteriales,f__Flavobacteriaceae,g__Sejongia,s__
genus77,k__Bacteria,p__Bacteroidetes,c__Sphingobacteria,o__Sphingobacteriales,f__,g__,s__
genus78,k__Bacteria,p__Bacteroidetes,c__Sphingobacteria,o__Sphingobacteriales,f__Flexibacteraceae,g__Flectobacillus,s__
genus79,k__Bacteria,p__Bacteroidetes,c__Sphingobacteria,o__Sphingobacteriales,f__Flexibacteraceae,g__Hymenobacter,s__
genus80,k__Bacteria,p__Bacteroidetes,c__Sphingobacteria,o__Sphingobacteriales,f__Flexibacteraceae,g__Pontibacter,s__
genus81,k__Bacteria,p__Bacteroidetes,c__Sphingobacteria,o__Sphingobacteriales,f__Sphingobacteriaceae,g__,s__
genus82,k__Bacteria,p__Bacteroidetes,c__Sphingobacteria,o__Sphingobacteriales,f__Sphingobacteriaceae,g__Pedobacter,s__
genus83,k__Bacteria,p__Bacteroidetes,c__Sphingobacteria,o__Sphingobacteriales,f__Sphingobacteriaceae,g__Sphingobacterium,s__
genus84,k__Bacteria,p__Cyanobacteria,c__,o__,f__,g__,s__
genus85,k__Bacteria,p__Cyanobacteria,c__mle1-12,o__,f__,g__,s__
genus86,k__Bacteria,p__Firmicutes,c__Bacilli,o__Bacillales,f__,g__Exiguobacterium,s__
genus87,k__Bacteria,p__Firmicutes,c__Bacilli,o__Bacillales,f__,g__Gemella,s__
genus88,k__Bacteria,p__Firmicutes,c__Bacilli,o__Bacillales,f__Alicyclobacillaceae,g__Alicyclobacillus,s__
genus89,k__Bacteria,p__Firmicutes,c__Bacilli,o__Bacillales,f__Bacillaceae,g__Anaerobacillus,s__
genus90,k__Bacteria,p__Firmicutes,c__Bacilli,o__Bacillales,f__Bacillaceae,g__Anoxybacillus,s__
genus91,k__Bacteria,p__Firmicutes,c__Bacilli,o__Bacillales,f__Bacillaceae,g__Bacillus,s__
genus92,k__Bacteria,p__Firmicutes,c__Bacilli,o__Bacillales,f__Listeriaceae,g__Brochothrix,s__
genus93,k__Bacteria,p__Firmicutes,c__Bacilli,o__Bacillales,f__Paenibacillaceae,g__Paenibacillus,s__
genus94,k__Bacteria,p__Firmicutes,c__Bacilli,o__Bacillales,f__Planococcaceae,g__,s__
genus95,k__Bacteria,p__Firmicutes,c__Bacilli,o__Bacillales,f__Planococcaceae,g__Planococcus,s__
genus96,k__Bacteria,p__Firmicutes,c__Bacilli,o__Bacillales,f__Planococcaceae,g__Planomicrobium,s__
genus97,k__Bacteria,p__Firmicutes,c__Bacilli,o__Bacillales,f__Planococcaceae,g__Sporosarcina,s__
genus98,k__Bacteria,p__Firmicutes,c__Bacilli,o__Bacillales,f__Sporolactobacillaceae,g__Sporolactobacillus,s__
genus99,k__Bacteria,p__Firmicutes,c__Bacilli,o__Bacillales,f__Staphylococcaceae,g__Jeotgalicoccus,s__
genus100,k__Bacteria,p__Firmicutes,c__Bacilli,o__Bacillales,f__Staphylococcaceae,g__Salinicoccus,s__
genus101,k__Bacteria,p__Firmicutes,c__Bacilli,o__Bacillales,f__Staphylococcaceae,g__Staphylococcus,s__
genus102,k__Bacteria,p__Firmicutes,c__Bacilli,o__Erysipelotrichales,f__Erysipelotrichaceae,g__,s__
genus103,k__Bacteria,p__Firmicutes,c__Bacilli,o__Erysipelotrichales,f__Erysipelotrichaceae,g__Turicibacter,s__
genus104,k__Bacteria,p__Firmicutes,c__Bacilli,o__Lactobacillales,f__Aerococcaceae,g__,s__
genus105,k__Bacteria,p__Firmicutes,c__Bacilli,o__Lactobacillales,f__Aerococcaceae,g__Abiotrophia,s__
genus106,k__Bacteria,p__Firmicutes,c__Bacilli,o__Lactobacillales,f__Aerococcaceae,g__Aerococcus,s__
genus107,k__Bacteria,p__Firmicutes,c__Bacilli,o__Lactobacillales,f__Aerococcaceae,g__Facklamia,s__
genus108,k__Bacteria,p__Firmicutes,c__Bacilli,o__Lactobacillales,f__Carnobacteriaceae,g__,s__
genus109,k__Bacteria,p__Firmicutes,c__Bacilli,o__Lactobacillales,f__Carnobacteriaceae,g__Granulicatella,s__
genus110,k__Bacteria,p__Firmicutes,c__Bacilli,o__Lactobacillales,f__Enterococcaceae,g__,s__
genus111,k__Bacteria,p__Firmicutes,c__Bacilli,o__Lactobacillales,f__Enterococcaceae,g__Enterococcus,s__
genus112,k__Bacteria,p__Firmicutes,c__Bacilli,o__Lactobacillales,f__Enterococcaceae,g__Vagococcus,s__
genus113,k__Bacteria,p__Firmicutes,c__Bacilli,o__Lactobacillales,f__Lactobacillaceae,g__Lactobacillus,s__
genus114,k__Bacteria,p__Firmicutes,c__Bacilli,o__Lactobacillales,f__Lactobacillaceae,g__Pediococcus,s__
genus115,k__Bacteria,p__Firmicutes,c__Bacilli,o__Lactobacillales,f__Leuconostocaceae,g__Leuconostoc,s__
genus116,k__Bacteria,p__Firmicutes,c__Bacilli,o__Lactobacillales,f__Leuconostocaceae,g__Weissella,s__
genus117,k__Bacteria,p__Firmicutes,c__Bacilli,o__Lactobacillales,f__Streptococcaceae,g__Lactococcus,s__
genus118,k__Bacteria,p__Firmicutes,c__Bacilli,o__Lactobacillales,f__Streptococcaceae,g__Streptococcus,s__
genus119,k__Bacteria,p__Firmicutes,c__Clostridia,o__Clostridiales,f__,g__,s__
genus120,k__Bacteria,p__Firmicutes,c__Clostridia,o__Clostridiales,f__Catabacteriaceae,g__,s__
genus121,k__Bacteria,p__Firmicutes,c__Clostridia,o__Clostridiales,f__Clostridiaceae,g__,s__
genus122,k__Bacteria,p__Firmicutes,c__Clostridia,o__Clostridiales,f__Clostridiaceae,g__Clostridium,s__
genus123,k__Bacteria,p__Firmicutes,c__Clostridia,o__Clostridiales,f__Clostridiales Family XI. Incertae Sedis,g__,s__
genus124,k__Bacteria,p__Firmicutes,c__Clostridia,o__Clostridiales,f__Clostridiales Family XI. Incertae Sedis,g__Anaerococcus,s__
genus125,k__Bacteria,p__Firmicutes,c__Clostridia,o__Clostridiales,f__Clostridiales Family XI. Incertae Sedis,g__Finegoldia,s__
genus126,k__Bacteria,p__Firmicutes,c__Clostridia,o__Clostridiales,f__Clostridiales Family XI. Incertae Sedis,g__Helcococcus,s__
genus127,k__Bacteria,p__Firmicutes,c__Clostridia,o__Clostridiales,f__Clostridiales Family XI. Incertae Sedis,g__Peptoniphilus,s__
genus128,k__Bacteria,p__Firmicutes,c__Clostridia,o__Clostridiales,f__Clostridiales Family XIII. Incertae Sedis,g__,s__
genus129,k__Bacteria,p__Firmicutes,c__Clostridia,o__Clostridiales,f__Clostridiales Family XIII. Incertae Sedis,g__Anaerovorax,s__
genus130,k__Bacteria,p__Firmicutes,c__Clostridia,o__Clostridiales,f__Clostridiales Family XIII. Incertae Sedis,g__Eubacterium,s__
genus131,k__Bacteria,p__Firmicutes,c__Clostridia,o__Clostridiales,f__Clostridiales Family XIII. Incertae Sedis,g__Mogibacterium,s__
genus132,k__Bacteria,p__Firmicutes,c__Clostridia,o__Clostridiales,f__Dehalobacteriaceae,g__Dehalobacterium,s__
genus133,k__Bacteria,p__Firmicutes,c__Clostridia,o__Clostridiales,f__Eubacteriaceae,g__Anaerofustis,s__
genus134,k__Bacteria,p__Firmicutes,c__Clostridia,o__Clostridiales,f__Eubacteriaceae,g__Eubacterium,s__
genus135,k__Bacteria,p__Firmicutes,c__Clostridia,o__Clostridiales,f__Lachnospiraceae,g__,s__
genus136,k__Bacteria,p__Firmicutes,c__Clostridia,o__Clostridiales,f__Lachnospiraceae,g__Anaerostipes,s__
genus137,k__Bacteria,p__Firmicutes,c__Clostridia,o__Clostridiales,f__Lachnospiraceae,g__Bacteroides,s__
genus138,k__Bacteria,p__Firmicutes,c__Clostridia,o__Clostridiales,f__Lachnospiraceae,g__Blautia,s__
genus139,k__Bacteria,p__Firmicutes,c__Clostridia,o__Clostridiales,f__Lachnospiraceae,g__Butyrivibrio,s__
genus140,k__Bacteria,p__Firmicutes,c__Clostridia,o__Clostridiales,f__Lachnospiraceae,g__Catonella,s__
genus141,k__Bacteria,p__Firmicutes,c__Clostridia,o__Clostridiales,f__Lachnospiraceae,g__Clostridium,s__
genus142,k__Bacteria,p__Firmicutes,c__Clostridia,o__Clostridiales,f__Lachnospiraceae,g__Coprococcus,s__
genus143,k__Bacteria,p__Firmicutes,c__Clostridia,o__Clostridiales,f__Lachnospiraceae,g__Dorea,s__
genus144,k__Bacteria,p__Firmicutes,c__Clostridia,o__Clostridiales,f__Lachnospiraceae,g__Epulopiscium,s__
genus145,k__Bacteria,p__Firmicutes,c__Clostridia,o__Clostridiales,f__Lachnospiraceae,g__Eubacterium,s__
genus146,k__Bacteria,p__Firmicutes,c__Clostridia,o__Clostridiales,f__Lachnospiraceae,g__Johnsonella,s__
genus147,k__Bacteria,p__Firmicutes,c__Clostridia,o__Clostridiales,f__Lachnospiraceae,g__Lachnobacterium,s__
genus148,k__Bacteria,p__Firmicutes,c__Clostridia,o__Clostridiales,f__Lachnospiraceae,g__Lachnospira,s__
genus149,k__Bacteria,p__Firmicutes,c__Clostridia,o__Clostridiales,f__Lachnospiraceae,g__Moryella,s__
genus150,k__Bacteria,p__Firmicutes,c__Clostridia,o__Clostridiales,f__Lachnospiraceae,g__Oribacterium,s__
genus151,k__Bacteria,p__Firmicutes,c__Clostridia,o__Clostridiales,f__Lachnospiraceae,g__Pseudobutyrivibrio,s__
genus152,k__Bacteria,p__Firmicutes,c__Clostridia,o__Clostridiales,f__Lachnospiraceae,g__Roseburia,s__
genus153,k__Bacteria,p__Firmicutes,c__Clostridia,o__Clostridiales,f__Lachnospiraceae,g__Ruminococcus,s__
genus154,k__Bacteria,p__Firmicutes,c__Clostridia,o__Clostridiales,f__Lachnospiraceae,g__Shuttleworthia,s__
genus155,k__Bacteria,p__Firmicutes,c__Clostridia,o__Clostridiales,f__Peptococcaceae,g__,s__
genus156,k__Bacteria,p__Firmicutes,c__Clostridia,o__Clostridiales,f__Peptococcaceae,g__Peptococcus,s__
genus157,k__Bacteria,p__Firmicutes,c__Clostridia,o__Clostridiales,f__Peptostreptococcaceae,g__Peptostreptococcus,s__
genus158,k__Bacteria,p__Firmicutes,c__Clostridia,o__Clostridiales,f__Ruminococcaceae,g__,s__
genus159,k__Bacteria,p__Firmicutes,c__Clostridia,o__Clostridiales,f__Ruminococcaceae,g__Anaerotruncus,s__
genus160,k__Bacteria,p__Firmicutes,c__Clostridia,o__Clostridiales,f__Ruminococcaceae,g__Bacteroides,s__
genus161,k__Bacteria,p__Firmicutes,c__Clostridia,o__Clostridiales,f__Ruminococcaceae,g__Clostridium,s__
genus162,k__Bacteria,p__Firmicutes,c__Clostridia,o__Clostridiales,f__Ruminococcaceae,g__Eubacterium,s__
genus163,k__Bacteria,p__Firmicutes,c__Clostridia,o__Clostridiales,f__Ruminococcaceae,g__Faecalibacterium,s__
genus164,k__Bacteria,p__Firmicutes,c__Clostridia,o__Clostridiales,f__Ruminococcaceae,g__Oscillospira,s__
genus165,k__Bacteria,p__Firmicutes,c__Clostridia,o__Clostridiales,f__Ruminococcaceae,g__Ruminococcus,s__
genus166,k__Bacteria,p__Firmicutes,c__Clostridia,o__Clostridiales,f__Veillonellaceae,g__,s__
genus167,k__Bacteria,p__Firmicutes,c__Clostridia,o__Clostridiales,f__Veillonellaceae,g__Acidaminococcus,s__
genus168,k__Bacteria,p__Firmicutes,c__Clostridia,o__Clostridiales,f__Veillonellaceae,g__Dialister,s__
genus169,k__Bacteria,p__Firmicutes,c__Clostridia,o__Clostridiales,f__Veillonellaceae,g__Megamonas,s__
genus170,k__Bacteria,p__Firmicutes,c__Clostridia,o__Clostridiales,f__Veillonellaceae,g__Phascolarctobacterium,s__
genus171,k__Bacteria,p__Firmicutes,c__Clostridia,o__Clostridiales,f__Veillonellaceae,g__Selenomonas,s__
genus172,k__Bacteria,p__Firmicutes,c__Clostridia,o__Clostridiales,f__Veillonellaceae,g__Veillonella,s__
genus173,k__Bacteria,p__Fusobacteria,c__Fusobacteria (class),o__Fusobacteriales,f__Fusobacteriaceae,g__Cetobacterium,s__
genus174,k__Bacteria,p__Fusobacteria,c__Fusobacteria (class),o__Fusobacteriales,f__Fusobacteriaceae,g__Fusobacterium,s__
genus175,k__Bacteria,p__Fusobacteria,c__Fusobacteria (class),o__Fusobacteriales,f__Fusobacteriaceae,g__J2-29,s__
genus176,k__Bacteria,p__Fusobacteria,c__Fusobacteria (class),o__Fusobacteriales,f__Fusobacteriaceae,g__Leptotrichia,s__
genus177,k__Bacteria,p__OP10,c__CH21,o__,f__,g__,s__
genus178,k__Bacteria,p__Proteobacteria,c__Alphaproteobacteria,o__Caulobacterales,f__Caulobacteraceae,g__,s__
genus179,k__Bacteria,p__Proteobacteria,c__Alphaproteobacteria,o__Caulobacterales,f__Caulobacteraceae,g__Brevundimonas,s__
genus180,k__Bacteria,p__Proteobacteria,c__Alphaproteobacteria,o__Caulobacterales,f__Caulobacteraceae,g__Caulobacter,s__
genus181,k__Bacteria,p__Proteobacteria,c__Alphaproteobacteria,o__Rhizobiales,f__Aurantimonadaceae,g__,s__
genus182,k__Bacteria,p__Proteobacteria,c__Alphaproteobacteria,o__Rhizobiales,f__Beijerinckiaceae,g__,s__
genus183,k__Bacteria,p__Proteobacteria,c__Alphaproteobacteria,o__Rhizobiales,f__Beijerinckiaceae,g__Chelatococcus,s__
genus184,k__Bacteria,p__Proteobacteria,c__Alphaproteobacteria,o__Rhizobiales,f__Bradyrhizobiaceae,g__,s__
genus185,k__Bacteria,p__Proteobacteria,c__Alphaproteobacteria,o__Rhizobiales,f__Bradyrhizobiaceae,g__Afipia,s__
genus186,k__Bacteria,p__Proteobacteria,c__Alphaproteobacteria,o__Rhizobiales,f__Bradyrhizobiaceae,g__Bosea,s__
genus187,k__Bacteria,p__Proteobacteria,c__Alphaproteobacteria,o__Rhizobiales,f__Bradyrhizobiaceae,g__Bradyrhizobium,s__
genus188,k__Bacteria,p__Proteobacteria,c__Alphaproteobacteria,o__Rhizobiales,f__Bradyrhizobiaceae,g__Rhodopseudomonas,s__
genus189,k__Bacteria,p__Proteobacteria,c__Alphaproteobacteria,o__Rhizobiales,f__Hyphomicrobiaceae,g__Devosia,s__
genus190,k__Bacteria,p__Proteobacteria,c__Alphaproteobacteria,o__Rhizobiales,f__Hyphomicrobiaceae,g__Hyphomicrobium,s__
genus191,k__Bacteria,p__Proteobacteria,c__Alphaproteobacteria,o__Rhizobiales,f__Hyphomicrobiaceae,g__Rhodoplanes,s__
genus192,k__Bacteria,p__Proteobacteria,c__Alphaproteobacteria,o__Rhizobiales,f__Methylobacteriaceae,g__Methylobacterium,s__
genus193,k__Bacteria,p__Proteobacteria,c__Alphaproteobacteria,o__Rhizobiales,f__Phyllobacteriaceae,g__,s__
genus194,k__Bacteria,p__Proteobacteria,c__Alphaproteobacteria,o__Rhizobiales,f__Phyllobacteriaceae,g__Phyllobacterium,s__
genus195,k__Bacteria,p__Proteobacteria,c__Alphaproteobacteria,o__Rhizobiales,f__Rhizobiaceae,g__Agrobacterium,s__
genus196,k__Bacteria,p__Proteobacteria,c__Alphaproteobacteria,o__Rhizobiales,f__Xanthobacteraceae,g__,s__
genus197,k__Bacteria,p__Proteobacteria,c__Alphaproteobacteria,o__Rhizobiales,f__Xanthobacteraceae,g__Ancylobacter,s__
genus198,k__Bacteria,p__Proteobacteria,c__Alphaproteobacteria,o__Rhodobacterales,f__Rhodobacteraceae,g__Amaricoccus,s__
genus199,k__Bacteria,p__Proteobacteria,c__Alphaproteobacteria,o__Rhodobacterales,f__Rhodobacteraceae,g__Haematobacter,s__
genus200,k__Bacteria,p__Proteobacteria,c__Alphaproteobacteria,o__Rhodobacterales,f__Rhodobacteraceae,g__Paracoccus,s__
genus201,k__Bacteria,p__Proteobacteria,c__Alphaproteobacteria,o__Rhodobacterales,f__Rhodobacteraceae,g__Rubellimicrobium,s__
genus202,k__Bacteria,p__Proteobacteria,c__Alphaproteobacteria,o__Rhodospirillales,f__Acetobacteraceae,g__,s__
genus203,k__Bacteria,p__Proteobacteria,c__Alphaproteobacteria,o__Rhodospirillales,f__Acetobacteraceae,g__Acetobacter,s__
genus204,k__Bacteria,p__Proteobacteria,c__Alphaproteobacteria,o__Rhodospirillales,f__Acetobacteraceae,g__Roseomonas,s__
genus205,k__Bacteria,p__Proteobacteria,c__Alphaproteobacteria,o__Rhodospirillales,f__Rhodospirillaceae,g__Skermanella,s__
genus206,k__Bacteria,p__Proteobacteria,c__Alphaproteobacteria,o__Sphingomonadales,f__,g__,s__
genus207,k__Bacteria,p__Proteobacteria,c__Alphaproteobacteria,o__Sphingomonadales,f__Sphingomonadaceae,g__,s__
genus208,k__Bacteria,p__Proteobacteria,c__Alphaproteobacteria,o__Sphingomonadales,f__Sphingomonadaceae,g__Kaistobacter,s__
genus209,k__Bacteria,p__Proteobacteria,c__Alphaproteobacteria,o__Sphingomonadales,f__Sphingomonadaceae,g__Novosphingobium,s__
genus210,k__Bacteria,p__Proteobacteria,c__Alphaproteobacteria,o__Sphingomonadales,f__Sphingomonadaceae,g__Sphingobium,s__
genus211,k__Bacteria,p__Proteobacteria,c__Alphaproteobacteria,o__Sphingomonadales,f__Sphingomonadaceae,g__Sphingomonas,s__
genus212,k__Bacteria,p__Proteobacteria,c__Betaproteobacteria,o__,f__,g__,s__
genus213,k__Bacteria,p__Proteobacteria,c__Betaproteobacteria,o__Burkholderiales,f__,g__,s__
genus214,k__Bacteria,p__Proteobacteria,c__Betaproteobacteria,o__Burkholderiales,f__,g__Aquabacterium,s__
genus215,k__Bacteria,p__Proteobacteria,c__Betaproteobacteria,o__Burkholderiales,f__,g__Methylibium,s__
genus216,k__Bacteria,p__Proteobacteria,c__Betaproteobacteria,o__Burkholderiales,f__,g__Paucibacter,s__
genus217,k__Bacteria,p__Proteobacteria,c__Betaproteobacteria,o__Burkholderiales,f__,g__Rubrivivax,s__
genus218,k__Bacteria,p__Proteobacteria,c__Betaproteobacteria,o__Burkholderiales,f__,g__Tepidimonas,s__
genus219,k__Bacteria,p__Proteobacteria,c__Betaproteobacteria,o__Burkholderiales,f__Alcaligenaceae,g__,s__
genus220,k__Bacteria,p__Proteobacteria,c__Betaproteobacteria,o__Burkholderiales,f__Alcaligenaceae,g__Achromobacter,s__
genus221,k__Bacteria,p__Proteobacteria,c__Betaproteobacteria,o__Burkholderiales,f__Alcaligenaceae,g__Alcaligenes,s__
genus222,k__Bacteria,p__Proteobacteria,c__Betaproteobacteria,o__Burkholderiales,f__Alcaligenaceae,g__Azohydromonas,s__
genus223,k__Bacteria,p__Proteobacteria,c__Betaproteobacteria,o__Burkholderiales,f__Alcaligenaceae,g__Oligella,s__
genus224,k__Bacteria,p__Proteobacteria,c__Betaproteobacteria,o__Burkholderiales,f__Burkholderiaceae,g__,s__
genus225,k__Bacteria,p__Proteobacteria,c__Betaproteobacteria,o__Burkholderiales,f__Burkholderiaceae,g__Burkholderia,s__
genus226,k__Bacteria,p__Proteobacteria,c__Betaproteobacteria,o__Burkholderiales,f__Burkholderiaceae,g__Cupriavidus,s__
genus227,k__Bacteria,p__Proteobacteria,c__Betaproteobacteria,o__Burkholderiales,f__Burkholderiaceae,g__Lautropia,s__
genus228,k__Bacteria,p__Proteobacteria,c__Betaproteobacteria,o__Burkholderiales,f__Burkholderiaceae,g__Ralstonia,s__
genus229,k__Bacteria,p__Proteobacteria,c__Betaproteobacteria,o__Burkholderiales,f__Comamonadaceae,g__,s__
genus230,k__Bacteria,p__Proteobacteria,c__Betaproteobacteria,o__Burkholderiales,f__Comamonadaceae,g__Acidovorax,s__
genus231,k__Bacteria,p__Proteobacteria,c__Betaproteobacteria,o__Burkholderiales,f__Comamonadaceae,g__Brachymonas,s__
genus232,k__Bacteria,p__Proteobacteria,c__Betaproteobacteria,o__Burkholderiales,f__Comamonadaceae,g__Caldimonas,s__
genus233,k__Bacteria,p__Proteobacteria,c__Betaproteobacteria,o__Burkholderiales,f__Comamonadaceae,g__Comamonas,s__
genus234,k__Bacteria,p__Proteobacteria,c__Betaproteobacteria,o__Burkholderiales,f__Comamonadaceae,g__Curvibacter,s__
genus235,k__Bacteria,p__Proteobacteria,c__Betaproteobacteria,o__Burkholderiales,f__Comamonadaceae,g__Delftia,s__
genus236,k__Bacteria,p__Proteobacteria,c__Betaproteobacteria,o__Burkholderiales,f__Comamonadaceae,g__Hydrogenophaga,s__
genus237,k__Bacteria,p__Proteobacteria,c__Betaproteobacteria,o__Burkholderiales,f__Comamonadaceae,g__Hylemonella,s__
genus238,k__Bacteria,p__Proteobacteria,c__Betaproteobacteria,o__Burkholderiales,f__Comamonadaceae,g__Limnohabitans,s__
genus239,k__Bacteria,p__Proteobacteria,c__Betaproteobacteria,o__Burkholderiales,f__Comamonadaceae,g__Ramlibacter,s__
genus240,k__Bacteria,p__Proteobacteria,c__Betaproteobacteria,o__Burkholderiales,f__Comamonadaceae,g__Schlegelella,s__
genus241,k__Bacteria,p__Proteobacteria,c__Betaproteobacteria,o__Burkholderiales,f__Oxalobacteraceae,g__,s__
genus242,k__Bacteria,p__Proteobacteria,c__Betaproteobacteria,o__Burkholderiales,f__Oxalobacteraceae,g__Collimonas,s__
genus243,k__Bacteria,p__Proteobacteria,c__Betaproteobacteria,o__Burkholderiales,f__Oxalobacteraceae,g__Janthinobacterium,s__
genus244,k__Bacteria,p__Proteobacteria,c__Betaproteobacteria,o__Burkholderiales,f__Oxalobacteraceae,g__Massilia,s__
genus245,k__Bacteria,p__Proteobacteria,c__Betaproteobacteria,o__Burkholderiales,f__Oxalobacteraceae,g__Oxalobacter,s__
genus246,k__Bacteria,p__Proteobacteria,c__Betaproteobacteria,o__Gallionellales,f__Gallionellaceae,g__Gallionella,s__
genus247,k__Bacteria,p__Proteobacteria,c__Betaproteobacteria,o__Hydrogenophilales,f__Hydrogenophilaceae,g__,s__
genus248,k__Bacteria,p__Proteobacteria,c__Betaproteobacteria,o__Hydrogenophilales,f__Hydrogenophilaceae,g__Hydrogenophilus,s__
genus249,k__Bacteria,p__Proteobacteria,c__Betaproteobacteria,o__Methylophilales,f__Methylophilaceae,g__,s__
genus250,k__Bacteria,p__Proteobacteria,c__Betaproteobacteria,o__Methylophilales,f__Methylophilaceae,g__Methylophilus,s__
genus251,k__Bacteria,p__Proteobacteria,c__Betaproteobacteria,o__Methylophilales,f__Methylophilaceae,g__Methylotenera,s__
genus252,k__Bacteria,p__Proteobacteria,c__Betaproteobacteria,o__Neisseriales,f__Neisseriaceae,g__,s__
genus253,k__Bacteria,p__Proteobacteria,c__Betaproteobacteria,o__Neisseriales,f__Neisseriaceae,g__Conchiformibius,s__
genus254,k__Bacteria,p__Proteobacteria,c__Betaproteobacteria,o__Neisseriales,f__Neisseriaceae,g__Eikenella,s__
genus255,k__Bacteria,p__Proteobacteria,c__Betaproteobacteria,o__Neisseriales,f__Neisseriaceae,g__Kingella,s__
genus256,k__Bacteria,p__Proteobacteria,c__Betaproteobacteria,o__Neisseriales,f__Neisseriaceae,g__Neisseria,s__
genus257,k__Bacteria,p__Proteobacteria,c__Betaproteobacteria,o__Nitrosomonadales,f__Nitrosomonadaceae,g__Nitrosomonas,s__
genus258,k__Bacteria,p__Proteobacteria,c__Betaproteobacteria,o__Rhodocyclales,f__,g__,s__
genus259,k__Bacteria,p__Proteobacteria,c__Betaproteobacteria,o__Rhodocyclales,f__Rhodocyclaceae,g__,s__
genus260,k__Bacteria,p__Proteobacteria,c__Deltaproteobacteria,o__Bdellovibrionales,f__Bdellovibrionaceae,g__Bdellovibrio,s__
genus261,k__Bacteria,p__Proteobacteria,c__Deltaproteobacteria,o__Desulfovibrionales,f__Desulfovibrionaceae,g__,s__
genus262,k__Bacteria,p__Proteobacteria,c__Deltaproteobacteria,o__Desulfovibrionales,f__Desulfovibrionaceae,g__Bilophila,s__
genus263,k__Bacteria,p__Proteobacteria,c__Deltaproteobacteria,o__Desulfovibrionales,f__Desulfovibrionaceae,g__Desulfovibrio,s__
genus264,k__Bacteria,p__Proteobacteria,c__Deltaproteobacteria,o__MIZ46,f__,g__,s__
genus265,k__Bacteria,p__Proteobacteria,c__Deltaproteobacteria,o__Myxococcales,f__,g__,s__
genus266,k__Bacteria,p__Proteobacteria,c__Epsilonproteobacteria,o__Campylobacterales,f__Campylobacteraceae,g__Campylobacter,s__
genus267,k__Bacteria,p__Proteobacteria,c__Gammaproteobacteria,o__,f__,g__,s__
genus268,k__Bacteria,p__Proteobacteria,c__Gammaproteobacteria,o__Aeromonadales,f__Aeromonadaceae,g__,s__
genus269,k__Bacteria,p__Proteobacteria,c__Gammaproteobacteria,o__Aeromonadales,f__Aeromonadaceae,g__Aeromonas,s__
genus270,k__Bacteria,p__Proteobacteria,c__Gammaproteobacteria,o__Aeromonadales,f__Aeromonadaceae,g__Tolumonas,s__
genus271,k__Bacteria,p__Proteobacteria,c__Gammaproteobacteria,o__Aeromonadales,f__Aeromonadaceae,g__Zobellella,s__
genus272,k__Bacteria,p__Proteobacteria,c__Gammaproteobacteria,o__Alteromonadales,f__,g__Alkalimonas,s__
genus273,k__Bacteria,p__Proteobacteria,c__Gammaproteobacteria,o__Alteromonadales,f__Alteromonadaceae,g__,s__
genus274,k__Bacteria,p__Proteobacteria,c__Gammaproteobacteria,o__Alteromonadales,f__Alteromonadaceae,g__Alishewanella,s__
genus275,k__Bacteria,p__Proteobacteria,c__Gammaproteobacteria,o__Alteromonadales,f__Psychromonadaceae,g__Psychromonas,s__
genus276,k__Bacteria,p__Proteobacteria,c__Gammaproteobacteria,o__Alteromonadales,f__Shewanellaceae,g__Shewanella,s__
genus277,k__Bacteria,p__Proteobacteria,c__Gammaproteobacteria,o__Cardiobacteriales,f__Cardiobacteriaceae,g__Cardiobacterium,s__
genus278,k__Bacteria,p__Proteobacteria,c__Gammaproteobacteria,o__Chromatiales,f__,g__,s__
genus279,k__Bacteria,p__Proteobacteria,c__Gammaproteobacteria,o__Chromatiales,f__Sinobacteraceae,g__,s__
genus280,k__Bacteria,p__Proteobacteria,c__Gammaproteobacteria,o__Enterobacteriales,f__Enterobacteriaceae,g__,s__
genus281,k__Bacteria,p__Proteobacteria,c__Gammaproteobacteria,o__Enterobacteriales,f__Enterobacteriaceae,g__Citrobacter,s__
genus282,k__Bacteria,p__Proteobacteria,c__Gammaproteobacteria,o__Enterobacteriales,f__Enterobacteriaceae,g__Cronobacter,s__
genus283,k__Bacteria,p__Proteobacteria,c__Gammaproteobacteria,o__Enterobacteriales,f__Enterobacteriaceae,g__Edwardsiella,s__
genus284,k__Bacteria,p__Proteobacteria,c__Gammaproteobacteria,o__Enterobacteriales,f__Enterobacteriaceae,g__Enterobacter,s__
genus285,k__Bacteria,p__Proteobacteria,c__Gammaproteobacteria,o__Enterobacteriales,f__Enterobacteriaceae,g__Erwinia,s__
genus286,k__Bacteria,p__Proteobacteria,c__Gammaproteobacteria,o__Enterobacteriales,f__Enterobacteriaceae,g__Escherichia,s__
genus287,k__Bacteria,p__Proteobacteria,c__Gammaproteobacteria,o__Enterobacteriales,f__Enterobacteriaceae,g__Klebsiella,s__
genus288,k__Bacteria,p__Proteobacteria,c__Gammaproteobacteria,o__Enterobacteriales,f__Enterobacteriaceae,g__Leclercia,s__
genus289,k__Bacteria,p__Proteobacteria,c__Gammaproteobacteria,o__Enterobacteriales,f__Enterobacteriaceae,g__Pantoea,s__
genus290,k__Bacteria,p__Proteobacteria,c__Gammaproteobacteria,o__Enterobacteriales,f__Enterobacteriaceae,g__Plesiomonas,s__
genus291,k__Bacteria,p__Proteobacteria,c__Gammaproteobacteria,o__Enterobacteriales,f__Enterobacteriaceae,g__Providencia,s__
genus292,k__Bacteria,p__Proteobacteria,c__Gammaproteobacteria,o__Enterobacteriales,f__Enterobacteriaceae,g__Rahnella,s__
genus293,k__Bacteria,p__Proteobacteria,c__Gammaproteobacteria,o__Enterobacteriales,f__Enterobacteriaceae,g__Raoultella,s__
genus294,k__Bacteria,p__Proteobacteria,c__Gammaproteobacteria,o__Enterobacteriales,f__Enterobacteriaceae,g__Serratia,s__
genus295,k__Bacteria,p__Proteobacteria,c__Gammaproteobacteria,o__Enterobacteriales,f__Enterobacteriaceae,g__Shigella,s__
genus296,k__Bacteria,p__Proteobacteria,c__Gammaproteobacteria,o__Enterobacteriales,f__Enterobacteriaceae,g__Tatumella,s__
genus297,k__Bacteria,p__Proteobacteria,c__Gammaproteobacteria,o__Enterobacteriales,f__Enterobacteriaceae,g__Trabulsiella,s__
genus298,k__Bacteria,p__Proteobacteria,c__Gammaproteobacteria,o__Enterobacteriales,f__Enterobacteriaceae,g__Yersinia,s__
genus299,k__Bacteria,p__Proteobacteria,c__Gammaproteobacteria,o__Oceanospirillales,f__,g__,s__
genus300,k__Bacteria,p__Proteobacteria,c__Gammaproteobacteria,o__Oceanospirillales,f__Halomonadaceae,g__Chromohalobacter,s__
genus301,k__Bacteria,p__Proteobacteria,c__Gammaproteobacteria,o__Oceanospirillales,f__Pseudomonadaceae,g__Azorhizophilus,s__
genus302,k__Bacteria,p__Proteobacteria,c__Gammaproteobacteria,o__Oceanospirillales,f__Pseudomonadaceae,g__Pseudomonas,s__
genus303,k__Bacteria,p__Proteobacteria,c__Gammaproteobacteria,o__Pasteurellales,f__Pasteurellaceae,g__,s__
genus304,k__Bacteria,p__Proteobacteria,c__Gammaproteobacteria,o__Pasteurellales,f__Pasteurellaceae,g__Actinobacillus,s__
genus305,k__Bacteria,p__Proteobacteria,c__Gammaproteobacteria,o__Pasteurellales,f__Pasteurellaceae,g__Aggregatibacter,s__
genus306,k__Bacteria,p__Proteobacteria,c__Gammaproteobacteria,o__Pasteurellales,f__Pasteurellaceae,g__Chelonobacter,s__
genus307,k__Bacteria,p__Proteobacteria,c__Gammaproteobacteria,o__Pasteurellales,f__Pasteurellaceae,g__Gallibacterium,s__
genus308,k__Bacteria,p__Proteobacteria,c__Gammaproteobacteria,o__Pasteurellales,f__Pasteurellaceae,g__Haemophilus,s__
genus309,k__Bacteria,p__Proteobacteria,c__Gammaproteobacteria,o__Pseudomonadales,f__Moraxellaceae,g__,s__
genus310,k__Bacteria,p__Proteobacteria,c__Gammaproteobacteria,o__Pseudomonadales,f__Moraxellaceae,g__Acinetobacter,s__
genus311,k__Bacteria,p__Proteobacteria,c__Gammaproteobacteria,o__Pseudomonadales,f__Moraxellaceae,g__Enhydrobacter,s__
genus312,k__Bacteria,p__Proteobacteria,c__Gammaproteobacteria,o__Pseudomonadales,f__Moraxellaceae,g__Moraxella,s__
genus313,k__Bacteria,p__Proteobacteria,c__Gammaproteobacteria,o__Pseudomonadales,f__Moraxellaceae,g__Psychrobacter,s__
genus314,k__Bacteria,p__Proteobacteria,c__Gammaproteobacteria,o__Thiotrichales,f__Piscirickettsiaceae,g__Methylophaga,s__
genus315,k__Bacteria,p__Proteobacteria,c__Gammaproteobacteria,o__Thiotrichales,f__Thiotrichaceae,g__Leucothrix,s__
genus316,k__Bacteria,p__Proteobacteria,c__Gammaproteobacteria,o__Thiotrichales,f__Thiotrichaceae,g__Thiothrix,s__
genus317,k__Bacteria,p__Proteobacteria,c__Gammaproteobacteria,o__Xanthomonadales,f__Xanthomonadaceae,g__,s__
genus318,k__Bacteria,p__Proteobacteria,c__Gammaproteobacteria,o__Xanthomonadales,f__Xanthomonadaceae,g__Lysobacter,s__
genus319,k__Bacteria,p__Proteobacteria,c__Gammaproteobacteria,o__Xanthomonadales,f__Xanthomonadaceae,g__Pseudoxanthomonas,s__
genus320,k__Bacteria,p__Proteobacteria,c__Gammaproteobacteria,o__Xanthomonadales,f__Xanthomonadaceae,g__Stenotrophomonas,s__
genus321,k__Bacteria,p__Synergistetes,c__Synergistia,o__Synergistales,f__Dethiosulfovibrionaceae,g__Jonquetella,s__
genus322,k__Bacteria,p__Synergistetes,c__Synergistia,o__Synergistales,f__Dethiosulfovibrionaceae,g__Pyramidobacter,s__
genus323,k__Bacteria,p__Synergistetes,c__Synergistia,o__Synergistales,f__Dethiosulfovibrionaceae,g__TG5,s__
genus324,k__Bacteria,p__TM7,c__TM7-3,o__EW055,f__,g__,s__
genus325,k__Bacteria,p__Tenericutes,c__Erysipelotrichi,o__Erysipelotrichales,f__Erysipelotrichaceae,g__,s__
genus326,k__Bacteria,p__Tenericutes,c__Erysipelotrichi,o__Erysipelotrichales,f__Erysipelotrichaceae,g__Bulleidia,s__
genus327,k__Bacteria,p__Tenericutes,c__Erysipelotrichi,o__Erysipelotrichales,f__Erysipelotrichaceae,g__Catenibacterium,s__
genus328,k__Bacteria,p__Tenericutes,c__Erysipelotrichi,o__Erysipelotrichales,f__Erysipelotrichaceae,g__Clostridium,s__
genus329,k__Bacteria,p__Tenericutes,c__Erysipelotrichi,o__Erysipelotrichales,f__Erysipelotrichaceae,g__Coprobacillus,s__
genus330,k__Bacteria,p__Tenericutes,c__Erysipelotrichi,o__Erysipelotrichales,f__Erysipelotrichaceae,g__Holdemania,s__
genus331,k__Bacteria,p__Tenericutes,c__ML615J-28,o__,f__,g__,s__
genus332,k__Bacteria,p__Tenericutes,c__Mollicutes,o__Mycoplasmatales,f__Mycoplasmataceae,g__Mycoplasma,s__
genus333,k__Bacteria,p__Tenericutes,c__Mollicutes,o__RF39,f__,g__,s__
genus334,k__Bacteria,p__Thermi,c__Deinococci,o__Deinococcales,f__Deinococcaceae,g__Deinococcus,s__
genus335,k__Bacteria,p__Verrucomicrobia,c__Verrucomicrobiae,o__Verrucomicrobiales,f__Verrucomicrobiaceae,g__Akkermansia,s__
